Time,Pos x,Pos y,Pos z,Vel x,Vel z,Quat x,Quat y,Quat z,Quat w,Ang vel x,Ang vel y,Ang vel z,Ang vel w,motor.m1,motor.m2,motor.m3,motor.m4,battery,goal pos x,goal pos y,goal pos z,goal vel x,goal vel z,goal quat x,goal quat y,goal quat z,goal quat w
1691147483.060566,5.0,-5.0,-2.235732483195155,5.0,-5.0,0.18114961725274412,-5.0,-5.0,-5.0,-5.0,-5.0,-5.0,-5.0,-5.0,5.0,2.272684706687432,5.0,5.0,3.1528362740207534,1.8960292598902548,1.738555994721973,0.01120652012194389,0.06055744369355465,5.0,-5.0,-0.20971061515518635,0.40689319597955215
1691147483.8010795,5.0,-5.0,-2.235715602560907,0.011127765839726559,0.06059460460926333,0.1847594543398334,-5.0,-5.0,-5.0,-0.013413933879992642,-0.001960878320534738,-0.0008536615123611019,-0.001212150950487071,-5.0,5.0,2.272684706687432,5.0,5.0,3.1528362740207534,1.8960292598902548,1.738555994721973,0.01120652012194389,0.06055744369355465,5.0,-5.0,-0.20971061515518635,0.40689319597955215
1691147483.8243968,5.0,-5.0,-2.235715602560907,0.01120652012194389,0.06055744369355465,0.1847594543398334,-5.0,-5.0,-5.0,-0.013833108283827212,-0.003238795601545233,0.004095818887799338,8.268316463272794e-05,-5.0,5.0,2.272684706687432,5.0,5.0,3.1528362740207534,1.8960292598902548,1.738555994721973,0.01120652012194389,0.06055744369355465,5.0,-5.0,-0.20971061515518635,0.40689319597955215
1691147483.8475232,5.0,-5.0,-2.235715602560907,0.01120652012194389,0.06055744369355465,0.1847594543398334,-5.0,-5.0,-5.0,-0.013833108283827212,-0.003238795601545233,0.004095818887799338,8.268316463272794e-05,-5.0,5.0,2.272684706687432,5.0,5.0,3.1528362740207534,1.8960292598902548,1.738555994721973,0.01120652012194389,0.06055744369355465,5.0,-5.0,-0.20971061515518635,0.40689319597955215
1691147483.8702176,5.0,-5.0,-2.235715602560907,0.01120652012194389,0.06055744369355465,0.1847594543398334,-5.0,-5.0,-5.0,-0.013833108283827212,-0.003238795601545233,0.004095818887799338,8.268316463272794e-05,-5.0,5.0,2.272684706687432,5.0,5.0,3.1528362740207534,1.8960292598902548,1.738555994721973,0.01120652012194389,0.06055744369355465,5.0,-5.0,-0.20971061515518635,0.40689319597955215
1691147483.8933902,5.0,-5.0,-2.235715602560907,0.01120652012194389,0.06055744369355465,0.1847594543398334,-5.0,-5.0,-5.0,-0.013833108283827212,-0.003238795601545233,0.004095818887799338,8.268316463272794e-05,-5.0,5.0,2.272684706687432,5.0,5.0,3.1528362740207534,1.8960292598902548,1.738555994721973,0.01120652012194389,0.06055744369355465,5.0,-5.0,-0.20971061515518635,0.40689319597955215
1691147483.9168632,5.0,-5.0,-2.235715602560907,0.01120652012194389,0.06055744369355465,0.1847594543398334,-5.0,-5.0,-5.0,-0.013833108283827212,-0.003238795601545233,0.004095818887799338,8.268316463272794e-05,-5.0,5.0,2.272684706687432,5.0,5.0,3.1528362740207534,1.8960292598902548,1.738555994721973,0.01120652012194389,0.06055744369355465,5.0,-5.0,-0.20971061515518635,0.40689319597955215
1691147483.9412808,5.0,-5.0,-2.235715602560907,0.01120652012194389,0.06055744369355465,0.1847594543398334,-5.0,-5.0,-5.0,-0.013833108283827212,-0.003238795601545233,0.004095818887799338,8.268316463272794e-05,-5.0,5.0,2.272684706687432,5.0,5.0,3.1528362740207534,1.8960292598902548,1.738555994721973,0.01120652012194389,0.06055744369355465,5.0,-5.0,-0.20971061515518635,0.40689319597955215
1691147483.9679458,5.0,-5.0,-2.235715602560907,0.01120652012194389,0.06055744369355465,0.1847594543398334,-5.0,-5.0,-5.0,-0.013833108283827212,-0.003238795601545233,0.004095818887799338,8.268316463272794e-05,-5.0,5.0,2.272684706687432,5.0,5.0,3.1528362740207534,1.8960292598902548,1.738555994721973,0.01120652012194389,0.06055744369355465,5.0,-5.0,-0.20971061515518635,0.40689319597955215
1691147483.9915113,5.0,-5.0,-2.235715602560907,0.01120652012194389,0.06055744369355465,0.1847594543398334,-5.0,-5.0,-5.0,-0.013833108283827212,-0.003238795601545233,0.004095818887799338,8.268316463272794e-05,-5.0,5.0,2.272684706687432,5.0,5.0,3.1528362740207534,1.8960292598902548,1.738555994721973,0.01120652012194389,0.06055744369355465,5.0,-5.0,-0.20971061515518635,0.40689319597955215
1691147484.014281,5.0,-5.0,-2.235715602560907,0.01120652012194389,0.06055744369355465,0.1847594543398334,-5.0,-5.0,-5.0,-0.013833108283827212,-0.003238795601545233,0.004095818887799338,8.268316463272794e-05,-5.0,5.0,2.272684706687432,5.0,5.0,3.1528362740207534,1.8960292598902548,1.738555994721973,0.01120652012194389,0.06055744369355465,5.0,-5.0,-0.20971061515518635,0.40689319597955215
1691147484.0370166,5.0,-5.0,-2.235715602560907,0.01120652012194389,0.06055744369355465,0.1847594543398334,-5.0,-5.0,-5.0,-0.013833108283827212,-0.003238795601545233,0.004095818887799338,8.268316463272794e-05,-5.0,5.0,2.272684706687432,5.0,5.0,3.1528362740207534,1.8960292598902548,1.738555994721973,0.01120652012194389,0.06055744369355465,5.0,-5.0,-0.20971061515518635,0.40689319597955215
1691147484.0599856,5.0,-5.0,-2.235715602560907,0.01120652012194389,0.06055744369355465,0.1847594543398334,-5.0,-5.0,-5.0,-0.013833108283827212,-0.003238795601545233,0.004095818887799338,8.268316463272794e-05,-5.0,5.0,2.272684706687432,5.0,5.0,3.1528362740207534,1.8960292598902548,1.738555994721973,0.01120652012194389,0.06055744369355465,5.0,-5.0,-0.20971061515518635,0.40689319597955215
1691147484.0848505,5.0,-5.0,-2.235715602560907,0.01120652012194389,0.06055744369355465,0.1847594543398334,-5.0,-5.0,-5.0,-0.013833108283827212,-0.003238795601545233,0.004095818887799338,8.268316463272794e-05,-5.0,5.0,2.272684706687432,5.0,5.0,3.1528362740207534,1.8960292598902548,1.738555994721973,0.01120652012194389,0.06055744369355465,5.0,-5.0,-0.20971061515518635,0.40689319597955215
1691147484.1081178,5.0,-5.0,-2.235715602560907,0.01120652012194389,0.06055744369355465,0.1847594543398334,-5.0,-5.0,-5.0,-0.013833108283827212,-0.003238795601545233,0.004095818887799338,8.268316463272794e-05,-5.0,5.0,2.272684706687432,5.0,5.0,3.1528362740207534,1.8960292598902548,1.738555994721973,0.01120652012194389,0.06055744369355465,5.0,-5.0,-0.20971061515518635,0.40689319597955215
1691147484.134837,5.0,-5.0,-2.235715602560907,0.01120652012194389,0.06055744369355465,0.1847594543398334,-5.0,-5.0,-5.0,-0.013833108283827212,-0.003238795601545233,0.004095818887799338,8.268316463272794e-05,-5.0,5.0,2.272684706687432,5.0,5.0,3.1528362740207534,1.8960292598902548,1.738555994721973,0.01120652012194389,0.06055744369355465,5.0,-5.0,-0.20971061515518635,0.40689319597955215
1691147484.162952,5.0,-5.0,-2.235715602560907,0.01120652012194389,0.06055744369355465,0.1847594543398334,-5.0,-5.0,-5.0,-0.013833108283827212,-0.003238795601545233,0.004095818887799338,8.268316463272794e-05,-5.0,5.0,2.272684706687432,5.0,5.0,3.1528362740207534,1.8960292598902548,1.738555994721973,0.01120652012194389,0.06055744369355465,5.0,-5.0,-0.20971061515518635,0.40689319597955215
1691147484.187894,5.0,-5.0,-2.235715602560907,0.01120652012194389,0.06055744369355465,0.1847594543398334,-5.0,-5.0,-5.0,-0.013833108283827212,-0.003238795601545233,0.004095818887799338,8.268316463272794e-05,-5.0,5.0,2.272684706687432,5.0,5.0,3.1528362740207534,1.8960292598902548,1.738555994721973,0.01120652012194389,0.06055744369355465,5.0,-5.0,-0.20971061515518635,0.40689319597955215
1691147484.2117958,5.0,-5.0,-2.235715602560907,0.01120652012194389,0.06055744369355465,0.1847594543398334,-5.0,-5.0,-5.0,-0.013833108283827212,-0.003238795601545233,0.004095818887799338,8.268316463272794e-05,-5.0,5.0,2.272684706687432,5.0,5.0,3.1528362740207534,1.8960292598902548,1.738555994721973,0.01120652012194389,0.06055744369355465,5.0,-5.0,-0.20971061515518635,0.40689319597955215
1691147484.2366195,5.0,-5.0,-2.235715602560907,0.01120652012194389,0.06055744369355465,0.1847594543398334,-5.0,-5.0,-5.0,-0.013833108283827212,-0.003238795601545233,0.004095818887799338,8.268316463272794e-05,-5.0,5.0,2.272684706687432,5.0,5.0,3.1528362740207534,1.8960292598902548,1.738555994721973,0.01120652012194389,0.06055744369355465,5.0,-5.0,-0.20971061515518635,0.40689319597955215
1691147484.264411,5.0,-5.0,-2.235715602560907,0.01120652012194389,0.06055744369355465,0.1847594543398334,-5.0,-5.0,-5.0,-0.013833108283827212,-0.003238795601545233,0.004095818887799338,8.268316463272794e-05,-5.0,5.0,2.272684706687432,5.0,5.0,3.1528362740207534,1.8960292598902548,1.738555994721973,0.01120652012194389,0.06055744369355465,5.0,-5.0,-0.20971061515518635,0.40689319597955215
1691147484.2906032,5.0,-5.0,-2.235715602560907,0.01120652012194389,0.06055744369355465,0.1847594543398334,-5.0,-5.0,-5.0,-0.013833108283827212,-0.003238795601545233,0.004095818887799338,8.268316463272794e-05,-5.0,5.0,2.272684706687432,5.0,5.0,3.1528362740207534,1.8960292598902548,1.738555994721973,0.01120652012194389,0.06055744369355465,5.0,-5.0,-0.20971061515518635,0.40689319597955215
1691147484.3161976,5.0,-5.0,-2.235715602560907,0.01120652012194389,0.06055744369355465,0.1847594543398334,-5.0,-5.0,-5.0,-0.013833108283827212,-0.003238795601545233,0.004095818887799338,8.268316463272794e-05,-5.0,5.0,2.272684706687432,5.0,5.0,3.1528362740207534,1.8960292598902548,1.738555994721973,0.01120652012194389,0.06055744369355465,5.0,-5.0,-0.20971061515518635,0.40689319597955215
1691147484.3408728,5.0,-5.0,-2.235715602560907,0.01120652012194389,0.06055744369355465,0.1847594543398334,-5.0,-5.0,-5.0,-0.013833108283827212,-0.003238795601545233,0.004095818887799338,8.268316463272794e-05,-5.0,5.0,2.272684706687432,5.0,5.0,3.1528362740207534,1.8960292598902548,1.738555994721973,0.01120652012194389,0.06055744369355465,5.0,-5.0,-0.20971061515518635,0.40689319597955215
1691147484.366665,5.0,-5.0,-2.235715602560907,0.01120652012194389,0.06055744369355465,0.1847594543398334,-5.0,-5.0,-5.0,-0.013833108283827212,-0.003238795601545233,0.004095818887799338,8.268316463272794e-05,-5.0,5.0,2.272684706687432,5.0,5.0,3.1528362740207534,1.8960292598902548,1.738555994721973,0.01120652012194389,0.06055744369355465,5.0,-5.0,-0.20971061515518635,0.40689319597955215
1691147484.3900356,5.0,-5.0,-2.235715602560907,0.01120652012194389,0.06055744369355465,0.1847594543398334,-5.0,-5.0,-5.0,-0.013833108283827212,-0.003238795601545233,0.004095818887799338,8.268316463272794e-05,-5.0,5.0,2.272684706687432,5.0,5.0,3.1528362740207534,1.8960292598902548,1.738555994721973,0.01120652012194389,0.06055744369355465,5.0,-5.0,-0.20971061515518635,0.40689319597955215
1691147484.4133563,5.0,-5.0,-2.235715602560907,0.01120652012194389,0.06055744369355465,0.1847594543398334,-5.0,-5.0,-5.0,-0.013833108283827212,-0.003238795601545233,0.004095818887799338,8.268316463272794e-05,-5.0,5.0,2.272684706687432,5.0,5.0,3.1528362740207534,1.8960292598902548,1.738555994721973,0.01120652012194389,0.06055744369355465,5.0,-5.0,-0.20971061515518635,0.40689319597955215
1691147484.4357862,5.0,-5.0,-2.235715602560907,0.01120652012194389,0.06055744369355465,0.1847594543398334,-5.0,-5.0,-5.0,-0.013833108283827212,-0.003238795601545233,0.004095818887799338,8.268316463272794e-05,-5.0,5.0,2.272684706687432,5.0,5.0,3.1528362740207534,1.8960292598902548,1.738555994721973,0.01120652012194389,0.06055744369355465,5.0,-5.0,-0.20971061515518635,0.40689319597955215
1691147484.4579978,5.0,-5.0,-2.235715602560907,0.01120652012194389,0.06055744369355465,0.1847594543398334,-5.0,-5.0,-5.0,-0.013833108283827212,-0.003238795601545233,0.004095818887799338,8.268316463272794e-05,-5.0,5.0,2.272684706687432,5.0,5.0,3.1528362740207534,1.8960292598902548,1.738555994721973,0.01120652012194389,0.06055744369355465,5.0,-5.0,-0.20971061515518635,0.40689319597955215
1691147484.4809687,5.0,-5.0,-2.235715602560907,0.01120652012194389,0.06055744369355465,0.1847594543398334,-5.0,-5.0,-5.0,-0.013833108283827212,-0.003238795601545233,0.004095818887799338,8.268316463272794e-05,-5.0,5.0,2.272684706687432,5.0,5.0,3.1528362740207534,1.8960292598902548,1.738555994721973,0.01120652012194389,0.06055744369355465,5.0,-5.0,-0.20971061515518635,0.40689319597955215
1691147484.5044336,5.0,-5.0,-2.235715602560907,0.01120652012194389,0.06055744369355465,0.1847594543398334,-5.0,-5.0,-5.0,-0.013833108283827212,-0.003238795601545233,0.004095818887799338,8.268316463272794e-05,-5.0,5.0,2.272684706687432,5.0,5.0,3.1528362740207534,1.8960292598902548,1.738555994721973,0.01120652012194389,0.06055744369355465,5.0,-5.0,-0.20971061515518635,0.40689319597955215
1691147484.528878,5.0,-5.0,-2.235715602560907,0.01120652012194389,0.06055744369355465,0.1847594543398334,-5.0,-5.0,-5.0,-0.013833108283827212,-0.003238795601545233,0.004095818887799338,8.268316463272794e-05,-5.0,5.0,2.272684706687432,5.0,5.0,3.1528362740207534,1.8960292598902548,1.738555994721973,0.01120652012194389,0.06055744369355465,5.0,-5.0,-0.20971061515518635,0.40689319597955215
1691147484.5601692,5.0,-5.0,-2.235715602560907,0.01120652012194389,0.06055744369355465,0.1847594543398334,-5.0,-5.0,-5.0,-0.013833108283827212,-0.003238795601545233,0.004095818887799338,8.268316463272794e-05,-5.0,5.0,2.272684706687432,5.0,5.0,3.1528362740207534,1.8960292598902548,1.738555994721973,0.01120652012194389,0.06055744369355465,5.0,-5.0,-0.20971061515518635,0.40689319597955215
1691147484.5830054,5.0,-5.0,-2.235715602560907,0.01120652012194389,0.06055744369355465,0.1847594543398334,-5.0,-5.0,-5.0,-0.013833108283827212,-0.003238795601545233,0.004095818887799338,8.268316463272794e-05,-5.0,5.0,2.272684706687432,5.0,5.0,3.1528362740207534,1.8960292598902548,1.738555994721973,0.01120652012194389,0.06055744369355465,5.0,-5.0,-0.20971061515518635,0.40689319597955215
1691147484.605774,5.0,-5.0,-2.235715602560907,0.01120652012194389,0.06055744369355465,0.1847594543398334,-5.0,-5.0,-5.0,-0.013833108283827212,-0.003238795601545233,0.004095818887799338,8.268316463272794e-05,-5.0,5.0,2.272684706687432,5.0,5.0,3.1528362740207534,1.8960292598902548,1.738555994721973,0.01120652012194389,0.06055744369355465,5.0,-5.0,-0.20971061515518635,0.40689319597955215
1691147484.6285195,5.0,-5.0,-2.235715602560907,0.01120652012194389,0.06055744369355465,0.1847594543398334,-5.0,-5.0,-5.0,-0.013833108283827212,-0.003238795601545233,0.004095818887799338,8.268316463272794e-05,-5.0,5.0,2.272684706687432,5.0,5.0,3.1528362740207534,1.8960292598902548,1.738555994721973,0.01120652012194389,0.06055744369355465,5.0,-5.0,-0.20971061515518635,0.40689319597955215
1691147484.6516259,5.0,-5.0,-2.235715602560907,0.01120652012194389,0.06055744369355465,0.1847594543398334,-5.0,-5.0,-5.0,-0.013833108283827212,-0.003238795601545233,0.004095818887799338,8.268316463272794e-05,-5.0,5.0,2.272684706687432,5.0,5.0,3.1528362740207534,1.8960292598902548,1.738555994721973,0.01120652012194389,0.06055744369355465,5.0,-5.0,-0.20971061515518635,0.40689319597955215
1691147484.674265,5.0,-5.0,-2.235715602560907,0.01120652012194389,0.06055744369355465,0.1847594543398334,-5.0,-5.0,-5.0,-0.013833108283827212,-0.003238795601545233,0.004095818887799338,8.268316463272794e-05,-5.0,5.0,2.272684706687432,5.0,5.0,3.1528362740207534,1.8960292598902548,1.738555994721973,0.01120652012194389,0.06055744369355465,5.0,-5.0,-0.20971061515518635,0.40689319597955215
1691147484.7008734,5.0,-5.0,-2.235715602560907,0.01120652012194389,0.06055744369355465,0.1847594543398334,-5.0,-5.0,-5.0,-0.013833108283827212,-0.003238795601545233,0.004095818887799338,8.268316463272794e-05,-5.0,5.0,2.272684706687432,5.0,5.0,3.1528362740207534,1.8960292598902548,1.738555994721973,0.01120652012194389,0.06055744369355465,5.0,-5.0,-0.20971061515518635,0.40689319597955215
1691147484.724122,5.0,-5.0,-2.235715602560907,0.01120652012194389,0.06055744369355465,0.1847594543398334,-5.0,-5.0,-5.0,-0.013833108283827212,-0.003238795601545233,0.004095818887799338,8.268316463272794e-05,-5.0,5.0,2.272684706687432,5.0,5.0,3.1528362740207534,1.8960292598902548,1.738555994721973,0.01120652012194389,0.06055744369355465,5.0,-5.0,-0.20971061515518635,0.40689319597955215
1691147484.7473085,5.0,-5.0,-2.235715602560907,0.01120652012194389,0.06055744369355465,0.1847594543398334,-5.0,-5.0,-5.0,-0.013833108283827212,-0.003238795601545233,0.004095818887799338,8.268316463272794e-05,-5.0,5.0,2.272684706687432,5.0,5.0,3.1528362740207534,1.8960292598902548,1.738555994721973,0.01120652012194389,0.06055744369355465,5.0,-5.0,-0.20971061515518635,0.40689319597955215
1691147484.7703102,5.0,-5.0,-2.235715602560907,0.01120652012194389,0.06055744369355465,0.1847594543398334,-5.0,-5.0,-5.0,-0.013833108283827212,-0.003238795601545233,0.004095818887799338,8.268316463272794e-05,-5.0,5.0,2.272684706687432,5.0,5.0,3.1528362740207534,1.8960292598902548,1.738555994721973,0.01120652012194389,0.06055744369355465,5.0,-5.0,-0.20971061515518635,0.40689319597955215
1691147484.7938392,5.0,-5.0,-2.235715602560907,0.01120652012194389,0.06055744369355465,0.1847594543398334,-5.0,-5.0,-5.0,-0.013833108283827212,-0.003238795601545233,0.004095818887799338,8.268316463272794e-05,-5.0,5.0,2.272684706687432,5.0,5.0,3.1528362740207534,1.8960292598902548,1.738555994721973,0.01120652012194389,0.06055744369355465,5.0,-5.0,-0.20971061515518635,0.40689319597955215
1691147484.8165195,5.0,-5.0,-2.235715602560907,0.01120652012194389,0.06055744369355465,0.1847594543398334,-5.0,-5.0,-5.0,-0.013833108283827212,-0.003238795601545233,0.004095818887799338,8.268316463272794e-05,-5.0,5.0,2.272684706687432,5.0,5.0,3.1528362740207534,1.8960292598902548,1.738555994721973,0.01120652012194389,0.06055744369355465,5.0,-5.0,-0.20971061515518635,0.40689319597955215
1691147484.8387632,5.0,-5.0,-2.235715602560907,0.01120652012194389,0.06055744369355465,0.1847594543398334,-5.0,-5.0,-5.0,-0.013833108283827212,-0.003238795601545233,0.004095818887799338,8.268316463272794e-05,-5.0,5.0,2.272684706687432,5.0,5.0,3.1528362740207534,1.8960292598902548,1.738555994721973,0.01120652012194389,0.06055744369355465,5.0,-5.0,-0.20971061515518635,0.40689319597955215
1691147484.8613174,5.0,-5.0,-2.235715602560907,0.01120652012194389,0.06055744369355465,0.1847594543398334,-5.0,-5.0,-5.0,-0.013833108283827212,-0.003238795601545233,0.004095818887799338,8.268316463272794e-05,-5.0,5.0,2.272684706687432,5.0,5.0,3.1528362740207534,1.8960292598902548,1.738555994721973,0.01120652012194389,0.06055744369355465,5.0,-5.0,-0.20971061515518635,0.40689319597955215
1691147484.8836064,5.0,-5.0,-2.235715602560907,0.01120652012194389,0.06055744369355465,0.1847594543398334,-5.0,-5.0,-5.0,-0.013833108283827212,-0.003238795601545233,0.004095818887799338,8.268316463272794e-05,-5.0,5.0,2.272684706687432,5.0,5.0,3.1528362740207534,1.8960292598902548,1.738555994721973,0.01120652012194389,0.06055744369355465,5.0,-5.0,-0.20971061515518635,0.40689319597955215
1691147484.9061213,5.0,-5.0,-2.235715602560907,0.01120652012194389,0.06055744369355465,0.1847594543398334,-5.0,-5.0,-5.0,-0.013833108283827212,-0.003238795601545233,0.004095818887799338,8.268316463272794e-05,-5.0,5.0,2.272684706687432,5.0,5.0,3.1528362740207534,1.8960292598902548,1.738555994721973,0.01120652012194389,0.06055744369355465,5.0,-5.0,-0.20971061515518635,0.40689319597955215
1691147484.9287336,5.0,-5.0,-2.235715602560907,0.01120652012194389,0.06055744369355465,0.1847594543398334,-5.0,-5.0,-5.0,-0.013833108283827212,-0.003238795601545233,0.004095818887799338,8.268316463272794e-05,-5.0,5.0,2.272684706687432,5.0,5.0,3.1528362740207534,1.8960292598902548,1.738555994721973,0.01120652012194389,0.06055744369355465,5.0,-5.0,-0.20971061515518635,0.40689319597955215
1691147484.951328,5.0,-5.0,-2.235715602560907,0.01120652012194389,0.06055744369355465,0.1847594543398334,-5.0,-5.0,-5.0,-0.013833108283827212,-0.003238795601545233,0.004095818887799338,8.268316463272794e-05,-5.0,5.0,2.272684706687432,5.0,5.0,3.1528362740207534,1.8960292598902548,1.738555994721973,0.01120652012194389,0.06055744369355465,5.0,-5.0,-0.20971061515518635,0.40689319597955215
1691147484.9739404,5.0,-5.0,-2.235715602560907,0.01120652012194389,0.06055744369355465,0.1847594543398334,-5.0,-5.0,-5.0,-0.013833108283827212,-0.003238795601545233,0.004095818887799338,8.268316463272794e-05,-5.0,5.0,2.272684706687432,5.0,5.0,3.1528362740207534,1.8960292598902548,1.738555994721973,0.01120652012194389,0.06055744369355465,5.0,-5.0,-0.20971061515518635,0.40689319597955215
1691147484.9966843,5.0,-5.0,-2.235715602560907,0.01120652012194389,0.06055744369355465,0.1847594543398334,-5.0,-5.0,-5.0,-0.013833108283827212,-0.003238795601545233,0.004095818887799338,8.268316463272794e-05,-5.0,5.0,2.272684706687432,5.0,5.0,3.1528362740207534,1.8960292598902548,1.738555994721973,0.01120652012194389,0.06055744369355465,5.0,-5.0,-0.20971061515518635,0.40689319597955215
1691147485.0198748,5.0,-5.0,-2.235715602560907,0.01120652012194389,0.06055744369355465,0.1847594543398334,-5.0,-5.0,-5.0,-0.013833108283827212,-0.003238795601545233,0.004095818887799338,8.268316463272794e-05,-5.0,5.0,2.272684706687432,5.0,5.0,3.1528362740207534,1.8960292598902548,1.738555994721973,0.01120652012194389,0.06055744369355465,5.0,-5.0,-0.20971061515518635,0.40689319597955215
1691147485.043221,5.0,-5.0,-2.235715602560907,0.01120652012194389,0.06055744369355465,0.1847594543398334,-5.0,-5.0,-5.0,-0.013833108283827212,-0.003238795601545233,0.004095818887799338,8.268316463272794e-05,-5.0,5.0,2.272684706687432,5.0,5.0,3.1528362740207534,1.8960292598902548,1.738555994721973,0.01120652012194389,0.06055744369355465,5.0,-5.0,-0.20971061515518635,0.40689319597955215
1691147485.0653386,5.0,-5.0,-2.235715602560907,0.01120652012194389,0.06055744369355465,0.1847594543398334,-5.0,-5.0,-5.0,-0.013833108283827212,-0.003238795601545233,0.004095818887799338,8.268316463272794e-05,-5.0,5.0,2.272684706687432,5.0,5.0,3.1528362740207534,1.8960292598902548,1.738555994721973,0.01120652012194389,0.06055744369355465,5.0,-5.0,-0.20971061515518635,0.40689319597955215
1691147485.087683,5.0,-5.0,-2.235715602560907,0.01120652012194389,0.06055744369355465,0.1847594543398334,-5.0,-5.0,-5.0,-0.013833108283827212,-0.003238795601545233,0.004095818887799338,8.268316463272794e-05,-5.0,5.0,2.272684706687432,5.0,5.0,3.1528362740207534,1.8960292598902548,1.738555994721973,0.01120652012194389,0.06055744369355465,5.0,-5.0,-0.20971061515518635,0.40689319597955215
1691147485.110332,5.0,-5.0,-2.235715602560907,0.01120652012194389,0.06055744369355465,0.1847594543398334,-5.0,-5.0,-5.0,-0.013833108283827212,-0.003238795601545233,0.004095818887799338,8.268316463272794e-05,-5.0,5.0,2.272684706687432,5.0,5.0,3.1528362740207534,1.8960292598902548,1.738555994721973,0.01120652012194389,0.06055744369355465,5.0,-5.0,-0.20971061515518635,0.40689319597955215
1691147485.1334124,5.0,-5.0,-2.235715602560907,0.01120652012194389,0.06055744369355465,0.1847594543398334,-5.0,-5.0,-5.0,-0.013833108283827212,-0.003238795601545233,0.004095818887799338,8.268316463272794e-05,-5.0,5.0,2.272684706687432,5.0,5.0,3.1528362740207534,1.8960292598902548,1.738555994721973,0.01120652012194389,0.06055744369355465,5.0,-5.0,-0.20971061515518635,0.40689319597955215
1691147485.1570156,5.0,-5.0,-2.235715602560907,0.01120652012194389,0.06055744369355465,0.1847594543398334,-5.0,-5.0,-5.0,-0.013833108283827212,-0.003238795601545233,0.004095818887799338,8.268316463272794e-05,-5.0,5.0,2.272684706687432,5.0,5.0,3.1528362740207534,1.8960292598902548,1.738555994721973,0.01120652012194389,0.06055744369355465,5.0,-5.0,-0.20971061515518635,0.40689319597955215
1691147485.1810758,5.0,-5.0,-2.235715602560907,0.01120652012194389,0.06055744369355465,0.1847594543398334,-5.0,-5.0,-5.0,-0.013833108283827212,-0.003238795601545233,0.004095818887799338,8.268316463272794e-05,-5.0,5.0,2.272684706687432,5.0,5.0,3.1528362740207534,1.8960292598902548,1.738555994721973,0.01120652012194389,0.06055744369355465,5.0,-5.0,-0.20971061515518635,0.40689319597955215
1691147485.203757,5.0,-5.0,-2.235715602560907,0.01120652012194389,0.06055744369355465,0.1847594543398334,-5.0,-5.0,-5.0,-0.013833108283827212,-0.003238795601545233,0.004095818887799338,8.268316463272794e-05,-5.0,5.0,2.272684706687432,5.0,5.0,3.1528362740207534,1.8960292598902548,1.738555994721973,0.01120652012194389,0.06055744369355465,5.0,-5.0,-0.20971061515518635,0.40689319597955215
1691147485.2265124,5.0,-5.0,-2.235715602560907,0.01120652012194389,0.06055744369355465,0.1847594543398334,-5.0,-5.0,-5.0,-0.013833108283827212,-0.003238795601545233,0.004095818887799338,8.268316463272794e-05,-5.0,5.0,2.272684706687432,5.0,5.0,3.1528362740207534,1.8960292598902548,1.738555994721973,0.01120652012194389,0.06055744369355465,5.0,-5.0,-0.20971061515518635,0.40689319597955215
1691147485.2490423,5.0,-5.0,-2.235715602560907,0.01120652012194389,0.06055744369355465,0.1847594543398334,-5.0,-5.0,-5.0,-0.013833108283827212,-0.003238795601545233,0.004095818887799338,8.268316463272794e-05,-5.0,5.0,2.272684706687432,5.0,5.0,3.1528362740207534,1.8960292598902548,1.738555994721973,0.01120652012194389,0.06055744369355465,5.0,-5.0,-0.20971061515518635,0.40689319597955215
1691147485.2723248,5.0,-5.0,-2.235715602560907,0.01120652012194389,0.06055744369355465,0.1847594543398334,-5.0,-5.0,-5.0,-0.013833108283827212,-0.003238795601545233,0.004095818887799338,8.268316463272794e-05,-5.0,5.0,2.272684706687432,5.0,5.0,3.1528362740207534,1.8960292598902548,1.738555994721973,0.01120652012194389,0.06055744369355465,5.0,-5.0,-0.20971061515518635,0.40689319597955215
1691147485.294821,5.0,-5.0,-2.235715602560907,0.01120652012194389,0.06055744369355465,0.1847594543398334,-5.0,-5.0,-5.0,-0.013833108283827212,-0.003238795601545233,0.004095818887799338,8.268316463272794e-05,-5.0,5.0,2.272684706687432,5.0,5.0,3.1528362740207534,1.8960292598902548,1.738555994721973,0.01120652012194389,0.06055744369355465,5.0,-5.0,-0.20971061515518635,0.40689319597955215
1691147485.3174834,5.0,-5.0,-2.235715602560907,0.01120652012194389,0.06055744369355465,0.1847594543398334,-5.0,-5.0,-5.0,-0.013833108283827212,-0.003238795601545233,0.004095818887799338,8.268316463272794e-05,-5.0,5.0,2.272684706687432,5.0,5.0,3.1528362740207534,1.8960292598902548,1.738555994721973,0.01120652012194389,0.06055744369355465,5.0,-5.0,-0.20971061515518635,0.40689319597955215
1691147485.3401577,5.0,-5.0,-2.235715602560907,0.01120652012194389,0.06055744369355465,0.1847594543398334,-5.0,-5.0,-5.0,-0.013833108283827212,-0.003238795601545233,0.004095818887799338,8.268316463272794e-05,-5.0,5.0,2.272684706687432,5.0,5.0,3.1528362740207534,1.8960292598902548,1.738555994721973,0.01120652012194389,0.06055744369355465,5.0,-5.0,-0.20971061515518635,0.40689319597955215
1691147485.36437,5.0,-5.0,-2.235715602560907,0.01120652012194389,0.06055744369355465,0.1847594543398334,-5.0,-5.0,-5.0,-0.013833108283827212,-0.003238795601545233,0.004095818887799338,8.268316463272794e-05,-5.0,5.0,2.272684706687432,5.0,5.0,3.1528362740207534,1.8960292598902548,1.738555994721973,0.01120652012194389,0.06055744369355465,5.0,-5.0,-0.20971061515518635,0.40689319597955215
1691147485.3874345,5.0,-5.0,-2.235715602560907,0.01120652012194389,0.06055744369355465,0.1847594543398334,-5.0,-5.0,-5.0,-0.013833108283827212,-0.003238795601545233,0.004095818887799338,8.268316463272794e-05,-5.0,5.0,2.272684706687432,5.0,5.0,3.1528362740207534,1.8960292598902548,1.738555994721973,0.01120652012194389,0.06055744369355465,5.0,-5.0,-0.20971061515518635,0.40689319597955215
1691147485.4106524,5.0,-5.0,-2.235715602560907,0.01120652012194389,0.06055744369355465,0.1847594543398334,-5.0,-5.0,-5.0,-0.013833108283827212,-0.003238795601545233,0.004095818887799338,8.268316463272794e-05,-5.0,5.0,2.272684706687432,5.0,5.0,3.1528362740207534,1.8960292598902548,1.738555994721973,0.01120652012194389,0.06055744369355465,5.0,-5.0,-0.20971061515518635,0.40689319597955215
1691147485.4334042,5.0,-5.0,-2.235715602560907,0.01120652012194389,0.06055744369355465,0.1847594543398334,-5.0,-5.0,-5.0,-0.013833108283827212,-0.003238795601545233,0.004095818887799338,8.268316463272794e-05,-5.0,5.0,2.272684706687432,5.0,5.0,3.1528362740207534,1.8960292598902548,1.738555994721973,0.01120652012194389,0.06055744369355465,5.0,-5.0,-0.20971061515518635,0.40689319597955215
1691147485.4563165,5.0,-5.0,-2.235715602560907,0.01120652012194389,0.06055744369355465,0.1847594543398334,-5.0,-5.0,-5.0,-0.013833108283827212,-0.003238795601545233,0.004095818887799338,8.268316463272794e-05,-5.0,5.0,2.272684706687432,5.0,5.0,3.1528362740207534,1.8960292598902548,1.738555994721973,0.01120652012194389,0.06055744369355465,5.0,-5.0,-0.20971061515518635,0.40689319597955215
1691147485.4795558,5.0,-5.0,-2.235715602560907,0.01120652012194389,0.06055744369355465,0.1847594543398334,-5.0,-5.0,-5.0,-0.013833108283827212,-0.003238795601545233,0.004095818887799338,8.268316463272794e-05,-5.0,5.0,2.272684706687432,5.0,5.0,3.1528362740207534,1.8960292598902548,1.738555994721973,0.01120652012194389,0.06055744369355465,5.0,-5.0,-0.20971061515518635,0.40689319597955215
1691147485.502402,5.0,-5.0,-2.235715602560907,0.01120652012194389,0.06055744369355465,0.1847594543398334,-5.0,-5.0,-5.0,-0.013833108283827212,-0.003238795601545233,0.004095818887799338,8.268316463272794e-05,-5.0,5.0,2.272684706687432,5.0,5.0,3.1528362740207534,1.8960292598902548,1.738555994721973,0.01120652012194389,0.06055744369355465,5.0,-5.0,-0.20971061515518635,0.40689319597955215
1691147485.5247455,5.0,-5.0,-2.235715602560907,0.01120652012194389,0.06055744369355465,0.1847594543398334,-5.0,-5.0,-5.0,-0.013833108283827212,-0.003238795601545233,0.004095818887799338,8.268316463272794e-05,-5.0,5.0,2.272684706687432,5.0,5.0,3.1528362740207534,1.8960292598902548,1.738555994721973,0.01120652012194389,0.06055744369355465,5.0,-5.0,-0.20971061515518635,0.40689319597955215
1691147485.5474918,5.0,-5.0,-2.235715602560907,0.01120652012194389,0.06055744369355465,0.1847594543398334,-5.0,-5.0,-5.0,-0.013833108283827212,-0.003238795601545233,0.004095818887799338,8.268316463272794e-05,-5.0,5.0,2.272684706687432,5.0,5.0,3.1528362740207534,1.8960292598902548,1.738555994721973,0.01120652012194389,0.06055744369355465,5.0,-5.0,-0.20971061515518635,0.40689319597955215
1691147485.5700219,5.0,-5.0,-2.235715602560907,0.01120652012194389,0.06055744369355465,0.1847594543398334,-5.0,-5.0,-5.0,-0.013833108283827212,-0.003238795601545233,0.004095818887799338,8.268316463272794e-05,-5.0,5.0,2.272684706687432,5.0,5.0,3.1528362740207534,1.8960292598902548,1.738555994721973,0.01120652012194389,0.06055744369355465,5.0,-5.0,-0.20971061515518635,0.40689319597955215
1691147485.592933,5.0,-5.0,-2.235715602560907,0.01120652012194389,0.06055744369355465,0.1847594543398334,-5.0,-5.0,-5.0,-0.013833108283827212,-0.003238795601545233,0.004095818887799338,8.268316463272794e-05,-5.0,5.0,2.272684706687432,5.0,5.0,3.1528362740207534,1.8960292598902548,1.738555994721973,0.01120652012194389,0.06055744369355465,5.0,-5.0,-0.20971061515518635,0.40689319597955215
1691147485.6156304,5.0,-5.0,-2.235715602560907,0.01120652012194389,0.06055744369355465,0.1847594543398334,-5.0,-5.0,-5.0,-0.013833108283827212,-0.003238795601545233,0.004095818887799338,8.268316463272794e-05,-5.0,5.0,2.272684706687432,5.0,5.0,3.1528362740207534,1.8960292598902548,1.738555994721973,0.01120652012194389,0.06055744369355465,5.0,-5.0,-0.20971061515518635,0.40689319597955215
1691147485.6382456,5.0,-5.0,-2.235715602560907,0.01120652012194389,0.06055744369355465,0.1847594543398334,-5.0,-5.0,-5.0,-0.013833108283827212,-0.003238795601545233,0.004095818887799338,8.268316463272794e-05,-5.0,5.0,2.272684706687432,5.0,5.0,3.1528362740207534,1.8960292598902548,1.738555994721973,0.01120652012194389,0.06055744369355465,5.0,-5.0,-0.20971061515518635,0.40689319597955215
1691147485.6631727,5.0,-5.0,-2.235715602560907,0.01120652012194389,0.06055744369355465,0.1847594543398334,-5.0,-5.0,-5.0,-0.013833108283827212,-0.003238795601545233,0.004095818887799338,8.268316463272794e-05,-5.0,5.0,2.272684706687432,5.0,5.0,3.1528362740207534,1.8960292598902548,1.738555994721973,0.01120652012194389,0.06055744369355465,5.0,-5.0,-0.20971061515518635,0.40689319597955215
1691147485.6866589,5.0,-5.0,-2.235715602560907,0.01120652012194389,0.06055744369355465,0.1847594543398334,-5.0,-5.0,-5.0,-0.013833108283827212,-0.003238795601545233,0.004095818887799338,8.268316463272794e-05,-5.0,5.0,2.272684706687432,5.0,5.0,3.1528362740207534,1.8960292598902548,1.738555994721973,0.01120652012194389,0.06055744369355465,5.0,-5.0,-0.20971061515518635,0.40689319597955215
1691147485.7100344,5.0,-5.0,-2.235715602560907,0.01120652012194389,0.06055744369355465,0.1847594543398334,-5.0,-5.0,-5.0,-0.013833108283827212,-0.003238795601545233,0.004095818887799338,8.268316463272794e-05,-5.0,5.0,2.272684706687432,5.0,5.0,3.1528362740207534,1.8960292598902548,1.738555994721973,0.01120652012194389,0.06055744369355465,5.0,-5.0,-0.20971061515518635,0.40689319597955215
1691147485.733513,5.0,-5.0,-2.235715602560907,0.01120652012194389,0.06055744369355465,0.1847594543398334,-5.0,-5.0,-5.0,-0.013833108283827212,-0.003238795601545233,0.004095818887799338,8.268316463272794e-05,-5.0,5.0,2.272684706687432,5.0,5.0,3.1528362740207534,1.8960292598902548,1.738555994721973,0.01120652012194389,0.06055744369355465,5.0,-5.0,-0.20971061515518635,0.40689319597955215
1691147485.759051,5.0,-5.0,-2.235715602560907,0.01120652012194389,0.06055744369355465,0.1847594543398334,-5.0,-5.0,-5.0,-0.013833108283827212,-0.003238795601545233,0.004095818887799338,8.268316463272794e-05,-5.0,5.0,2.272684706687432,5.0,5.0,3.1528362740207534,1.8960292598902548,1.738555994721973,0.01120652012194389,0.06055744369355465,5.0,-5.0,-0.20971061515518635,0.40689319597955215
1691147485.7826817,5.0,-5.0,-2.235715602560907,0.01120652012194389,0.06055744369355465,0.1847594543398334,-5.0,-5.0,-5.0,-0.013833108283827212,-0.003238795601545233,0.004095818887799338,8.268316463272794e-05,-5.0,5.0,2.272684706687432,5.0,5.0,3.1528362740207534,1.8960292598902548,1.738555994721973,0.01120652012194389,0.06055744369355465,5.0,-5.0,-0.20971061515518635,0.40689319597955215
1691147485.8053904,5.0,-5.0,-2.235715602560907,0.01120652012194389,0.06055744369355465,0.1847594543398334,-5.0,-5.0,-5.0,-0.013833108283827212,-0.003238795601545233,0.004095818887799338,8.268316463272794e-05,-5.0,5.0,2.272684706687432,5.0,5.0,3.1528362740207534,1.8960292598902548,1.738555994721973,0.01120652012194389,0.06055744369355465,5.0,-5.0,-0.20971061515518635,0.40689319597955215
1691147485.829246,5.0,-5.0,-2.235715602560907,0.01120652012194389,0.06055744369355465,0.1847594543398334,-5.0,-5.0,-5.0,-0.013833108283827212,-0.003238795601545233,0.004095818887799338,8.268316463272794e-05,-5.0,5.0,2.272684706687432,5.0,5.0,3.1528362740207534,1.8960292598902548,1.738555994721973,0.01120652012194389,0.06055744369355465,5.0,-5.0,-0.20971061515518635,0.40689319597955215
1691147485.8520765,5.0,-5.0,-2.235715602560907,0.01120652012194389,0.06055744369355465,0.1847594543398334,-5.0,-5.0,-5.0,-0.013833108283827212,-0.003238795601545233,0.004095818887799338,8.268316463272794e-05,-5.0,5.0,2.272684706687432,5.0,5.0,3.1528362740207534,1.8960292598902548,1.738555994721973,0.01120652012194389,0.06055744369355465,5.0,-5.0,-0.20971061515518635,0.40689319597955215
1691147485.8743303,5.0,-5.0,-2.235715602560907,0.01120652012194389,0.06055744369355465,0.1847594543398334,-5.0,-5.0,-5.0,-0.013833108283827212,-0.003238795601545233,0.004095818887799338,8.268316463272794e-05,-5.0,5.0,2.272684706687432,5.0,5.0,3.1528362740207534,1.8960292598902548,1.738555994721973,0.01120652012194389,0.06055744369355465,5.0,-5.0,-0.20971061515518635,0.40689319597955215
1691147485.8968012,5.0,-5.0,-2.235715602560907,0.01120652012194389,0.06055744369355465,0.1847594543398334,-5.0,-5.0,-5.0,-0.013833108283827212,-0.003238795601545233,0.004095818887799338,8.268316463272794e-05,-5.0,5.0,2.272684706687432,5.0,5.0,3.1528362740207534,1.8960292598902548,1.738555994721973,0.01120652012194389,0.06055744369355465,5.0,-5.0,-0.20971061515518635,0.40689319597955215
1691147485.91942,5.0,-5.0,-2.235715602560907,0.01120652012194389,0.06055744369355465,0.1847594543398334,-5.0,-5.0,-5.0,-0.013833108283827212,-0.003238795601545233,0.004095818887799338,8.268316463272794e-05,-5.0,5.0,2.272684706687432,5.0,5.0,3.1528362740207534,1.8960292598902548,1.738555994721973,0.01120652012194389,0.06055744369355465,5.0,-5.0,-0.20971061515518635,0.40689319597955215
1691147485.943409,5.0,-5.0,-2.235715602560907,0.01120652012194389,0.06055744369355465,0.1847594543398334,-5.0,-5.0,-5.0,-0.013833108283827212,-0.003238795601545233,0.004095818887799338,8.268316463272794e-05,-5.0,5.0,2.272684706687432,5.0,5.0,3.1528362740207534,1.8960292598902548,1.738555994721973,0.01120652012194389,0.06055744369355465,5.0,-5.0,-0.20971061515518635,0.40689319597955215
1691147485.9657428,5.0,-5.0,-2.235715602560907,0.01120652012194389,0.06055744369355465,0.1847594543398334,-5.0,-5.0,-5.0,-0.013833108283827212,-0.003238795601545233,0.004095818887799338,8.268316463272794e-05,-5.0,5.0,2.272684706687432,5.0,5.0,3.1528362740207534,1.8960292598902548,1.738555994721973,0.01120652012194389,0.06055744369355465,5.0,-5.0,-0.20971061515518635,0.40689319597955215
1691147485.9883542,5.0,-5.0,-2.235715602560907,0.01120652012194389,0.06055744369355465,0.1847594543398334,-5.0,-5.0,-5.0,-0.013833108283827212,-0.003238795601545233,0.004095818887799338,8.268316463272794e-05,-5.0,5.0,2.272684706687432,5.0,5.0,3.1528362740207534,1.8960292598902548,1.738555994721973,0.01120652012194389,0.06055744369355465,5.0,-5.0,-0.20971061515518635,0.40689319597955215
1691147486.0115254,5.0,-5.0,-2.235715602560907,0.01120652012194389,0.06055744369355465,0.1847594543398334,-5.0,-5.0,-5.0,-0.013833108283827212,-0.003238795601545233,0.004095818887799338,8.268316463272794e-05,-5.0,5.0,2.272684706687432,5.0,5.0,3.1528362740207534,1.8960292598902548,1.738555994721973,0.01120652012194389,0.06055744369355465,5.0,-5.0,-0.20971061515518635,0.40689319597955215
1691147486.0346346,5.0,-5.0,-2.235715602560907,0.01120652012194389,0.06055744369355465,0.1847594543398334,-5.0,-5.0,-5.0,-0.013833108283827212,-0.003238795601545233,0.004095818887799338,8.268316463272794e-05,-5.0,5.0,2.272684706687432,5.0,5.0,3.1528362740207534,1.8960292598902548,1.738555994721973,0.01120652012194389,0.06055744369355465,5.0,-5.0,-0.20971061515518635,0.40689319597955215
1691147486.0572662,5.0,-5.0,-2.235715602560907,0.01120652012194389,0.06055744369355465,0.1847594543398334,-5.0,-5.0,-5.0,-0.013833108283827212,-0.003238795601545233,0.004095818887799338,8.268316463272794e-05,-5.0,5.0,2.272684706687432,5.0,5.0,3.1528362740207534,1.8960292598902548,1.738555994721973,0.01120652012194389,0.06055744369355465,5.0,-5.0,-0.20971061515518635,0.40689319597955215
1691147486.0801752,5.0,-5.0,-2.235715602560907,0.01120652012194389,0.06055744369355465,0.1847594543398334,-5.0,-5.0,-5.0,-0.013833108283827212,-0.003238795601545233,0.004095818887799338,8.268316463272794e-05,-5.0,5.0,2.272684706687432,5.0,5.0,3.1528362740207534,1.8960292598902548,1.738555994721973,0.01120652012194389,0.06055744369355465,5.0,-5.0,-0.20971061515518635,0.40689319597955215
1691147486.1033626,5.0,-5.0,-2.235715602560907,0.01120652012194389,0.06055744369355465,0.1847594543398334,-5.0,-5.0,-5.0,-0.013833108283827212,-0.003238795601545233,0.004095818887799338,8.268316463272794e-05,-5.0,5.0,2.272684706687432,5.0,5.0,3.1528362740207534,1.8960292598902548,1.738555994721973,0.01120652012194389,0.06055744369355465,5.0,-5.0,-0.20971061515518635,0.40689319597955215
1691147486.1288807,5.0,-5.0,-2.235715602560907,0.01120652012194389,0.06055744369355465,0.1847594543398334,-5.0,-5.0,-5.0,-0.013833108283827212,-0.003238795601545233,0.004095818887799338,8.268316463272794e-05,-5.0,5.0,2.272684706687432,5.0,5.0,3.1528362740207534,1.8960292598902548,1.738555994721973,0.01120652012194389,0.06055744369355465,5.0,-5.0,-0.20971061515518635,0.40689319597955215
1691147486.1511714,5.0,-5.0,-2.235715602560907,0.01120652012194389,0.06055744369355465,0.1847594543398334,-5.0,-5.0,-5.0,-0.013833108283827212,-0.003238795601545233,0.004095818887799338,8.268316463272794e-05,-5.0,5.0,2.272684706687432,5.0,5.0,3.1528362740207534,1.8960292598902548,1.738555994721973,0.01120652012194389,0.06055744369355465,5.0,-5.0,-0.20971061515518635,0.40689319597955215
1691147486.1735053,5.0,-5.0,-2.235715602560907,0.01120652012194389,0.06055744369355465,0.1847594543398334,-5.0,-5.0,-5.0,-0.013833108283827212,-0.003238795601545233,0.004095818887799338,8.268316463272794e-05,-5.0,5.0,2.272684706687432,5.0,5.0,3.1528362740207534,1.8960292598902548,1.738555994721973,0.01120652012194389,0.06055744369355465,5.0,-5.0,-0.20971061515518635,0.40689319597955215
1691147486.1963708,5.0,-5.0,-2.235715602560907,0.01120652012194389,0.06055744369355465,0.1847594543398334,-5.0,-5.0,-5.0,-0.013833108283827212,-0.003238795601545233,0.004095818887799338,8.268316463272794e-05,-5.0,5.0,2.272684706687432,5.0,5.0,3.1528362740207534,1.8960292598902548,1.738555994721973,0.01120652012194389,0.06055744369355465,5.0,-5.0,-0.20971061515518635,0.40689319597955215
1691147486.2200902,5.0,-5.0,-2.235715602560907,0.01120652012194389,0.06055744369355465,0.1847594543398334,-5.0,-5.0,-5.0,-0.013833108283827212,-0.003238795601545233,0.004095818887799338,8.268316463272794e-05,-5.0,5.0,2.272684706687432,5.0,5.0,3.1528362740207534,1.8960292598902548,1.738555994721973,0.01120652012194389,0.06055744369355465,5.0,-5.0,-0.20971061515518635,0.40689319597955215
1691147486.2431388,5.0,-5.0,-2.235715602560907,0.01120652012194389,0.06055744369355465,0.1847594543398334,-5.0,-5.0,-5.0,-0.013833108283827212,-0.003238795601545233,0.004095818887799338,8.268316463272794e-05,-5.0,5.0,2.272684706687432,5.0,5.0,3.1528362740207534,1.8960292598902548,1.738555994721973,0.01120652012194389,0.06055744369355465,5.0,-5.0,-0.20971061515518635,0.40689319597955215
1691147486.2660334,5.0,-5.0,-2.235715602560907,0.01120652012194389,0.06055744369355465,0.1847594543398334,-5.0,-5.0,-5.0,-0.013833108283827212,-0.003238795601545233,0.004095818887799338,8.268316463272794e-05,-5.0,5.0,2.272684706687432,5.0,5.0,3.1528362740207534,1.8960292598902548,1.738555994721973,0.01120652012194389,0.06055744369355465,5.0,-5.0,-0.20971061515518635,0.40689319597955215
1691147486.2888045,5.0,-5.0,-2.235715602560907,0.01120652012194389,0.06055744369355465,0.1847594543398334,-5.0,-5.0,-5.0,-0.013833108283827212,-0.003238795601545233,0.004095818887799338,8.268316463272794e-05,-5.0,5.0,2.272684706687432,5.0,5.0,3.1528362740207534,1.8960292598902548,1.738555994721973,0.01120652012194389,0.06055744369355465,5.0,-5.0,-0.20971061515518635,0.40689319597955215
1691147486.3111756,5.0,-5.0,-2.235715602560907,0.01120652012194389,0.06055744369355465,0.1847594543398334,-5.0,-5.0,-5.0,-0.013833108283827212,-0.003238795601545233,0.004095818887799338,8.268316463272794e-05,-5.0,5.0,2.272684706687432,5.0,5.0,3.1528362740207534,1.8960292598902548,1.738555994721973,0.01120652012194389,0.06055744369355465,5.0,-5.0,-0.20971061515518635,0.40689319597955215
1691147486.3335862,5.0,-5.0,-2.235715602560907,0.01120652012194389,0.06055744369355465,0.1847594543398334,-5.0,-5.0,-5.0,-0.013833108283827212,-0.003238795601545233,0.004095818887799338,8.268316463272794e-05,-5.0,5.0,2.272684706687432,5.0,5.0,3.1528362740207534,1.8960292598902548,1.738555994721973,0.01120652012194389,0.06055744369355465,5.0,-5.0,-0.20971061515518635,0.40689319597955215
1691147486.3565862,5.0,-5.0,-2.235715602560907,0.01120652012194389,0.06055744369355465,0.1847594543398334,-5.0,-5.0,-5.0,-0.013833108283827212,-0.003238795601545233,0.004095818887799338,8.268316463272794e-05,-5.0,5.0,2.272684706687432,5.0,5.0,3.1528362740207534,1.8960292598902548,1.738555994721973,0.01120652012194389,0.06055744369355465,5.0,-5.0,-0.20971061515518635,0.40689319597955215
1691147486.3806853,5.0,-5.0,-2.235715602560907,0.01120652012194389,0.06055744369355465,0.1847594543398334,-5.0,-5.0,-5.0,-0.013833108283827212,-0.003238795601545233,0.004095818887799338,8.268316463272794e-05,-5.0,5.0,2.272684706687432,5.0,5.0,3.1528362740207534,1.8960292598902548,1.738555994721973,0.01120652012194389,0.06055744369355465,5.0,-5.0,-0.20971061515518635,0.40689319597955215
1691147486.4038656,5.0,-5.0,-2.235715602560907,0.01120652012194389,0.06055744369355465,0.1847594543398334,-5.0,-5.0,-5.0,-0.013833108283827212,-0.003238795601545233,0.004095818887799338,8.268316463272794e-05,-5.0,5.0,2.272684706687432,5.0,5.0,3.1528362740207534,1.8960292598902548,1.738555994721973,0.01120652012194389,0.06055744369355465,5.0,-5.0,-0.20971061515518635,0.40689319597955215
1691147486.4264846,5.0,-5.0,-2.235715602560907,0.01120652012194389,0.06055744369355465,0.1847594543398334,-5.0,-5.0,-5.0,-0.013833108283827212,-0.003238795601545233,0.004095818887799338,8.268316463272794e-05,-5.0,5.0,2.272684706687432,5.0,5.0,3.1528362740207534,1.8960292598902548,1.738555994721973,0.01120652012194389,0.06055744369355465,5.0,-5.0,-0.20971061515518635,0.40689319597955215
1691147486.449143,5.0,-5.0,-2.235715602560907,0.01120652012194389,0.06055744369355465,0.1847594543398334,-5.0,-5.0,-5.0,-0.013833108283827212,-0.003238795601545233,0.004095818887799338,8.268316463272794e-05,-5.0,5.0,2.272684706687432,5.0,5.0,3.1528362740207534,1.8960292598902548,1.738555994721973,0.01120652012194389,0.06055744369355465,5.0,-5.0,-0.20971061515518635,0.40689319597955215
1691147486.4714046,5.0,-5.0,-2.235715602560907,0.01120652012194389,0.06055744369355465,0.1847594543398334,-5.0,-5.0,-5.0,-0.013833108283827212,-0.003238795601545233,0.004095818887799338,8.268316463272794e-05,-5.0,5.0,2.272684706687432,5.0,5.0,3.1528362740207534,1.8960292598902548,1.738555994721973,0.01120652012194389,0.06055744369355465,5.0,-5.0,-0.20971061515518635,0.40689319597955215
1691147486.4936135,5.0,-5.0,-2.235715602560907,0.01120652012194389,0.06055744369355465,0.1847594543398334,-5.0,-5.0,-5.0,-0.013833108283827212,-0.003238795601545233,0.004095818887799338,8.268316463272794e-05,-5.0,5.0,2.272684706687432,5.0,5.0,3.1528362740207534,1.8960292598902548,1.738555994721973,0.01120652012194389,0.06055744369355465,5.0,-5.0,-0.20971061515518635,0.40689319597955215
1691147486.5163226,5.0,-5.0,-2.235715602560907,0.01120652012194389,0.06055744369355465,0.1847594543398334,-5.0,-5.0,-5.0,-0.013833108283827212,-0.003238795601545233,0.004095818887799338,8.268316463272794e-05,-5.0,5.0,2.272684706687432,5.0,5.0,3.1528362740207534,1.8960292598902548,1.738555994721973,0.01120652012194389,0.06055744369355465,5.0,-5.0,-0.20971061515518635,0.40689319597955215
1691147486.539093,5.0,-5.0,-2.235715602560907,0.01120652012194389,0.06055744369355465,0.1847594543398334,-5.0,-5.0,-5.0,-0.013833108283827212,-0.003238795601545233,0.004095818887799338,8.268316463272794e-05,-5.0,5.0,2.272684706687432,5.0,5.0,3.1528362740207534,1.8960292598902548,1.738555994721973,0.01120652012194389,0.06055744369355465,5.0,-5.0,-0.20971061515518635,0.40689319597955215
1691147486.5615838,5.0,-5.0,-2.235715602560907,0.01120652012194389,0.06055744369355465,0.1847594543398334,-5.0,-5.0,-5.0,-0.013833108283827212,-0.003238795601545233,0.004095818887799338,8.268316463272794e-05,-5.0,5.0,2.272684706687432,5.0,5.0,3.1528362740207534,1.8960292598902548,1.738555994721973,0.01120652012194389,0.06055744369355465,5.0,-5.0,-0.20971061515518635,0.40689319597955215
1691147486.5839798,5.0,-5.0,-2.235715602560907,0.01120652012194389,0.06055744369355465,0.1847594543398334,-5.0,-5.0,-5.0,-0.013833108283827212,-0.003238795601545233,0.004095818887799338,8.268316463272794e-05,-5.0,5.0,2.272684706687432,5.0,5.0,3.1528362740207534,1.8960292598902548,1.738555994721973,0.01120652012194389,0.06055744369355465,5.0,-5.0,-0.20971061515518635,0.40689319597955215
1691147486.6074142,5.0,-5.0,-2.235715602560907,0.01120652012194389,0.06055744369355465,0.1847594543398334,-5.0,-5.0,-5.0,-0.013833108283827212,-0.003238795601545233,0.004095818887799338,8.268316463272794e-05,-5.0,5.0,2.272684706687432,5.0,5.0,3.1528362740207534,1.8960292598902548,1.738555994721973,0.01120652012194389,0.06055744369355465,5.0,-5.0,-0.20971061515518635,0.40689319597955215
1691147486.629752,5.0,-5.0,-2.235715602560907,0.01120652012194389,0.06055744369355465,0.1847594543398334,-5.0,-5.0,-5.0,-0.013833108283827212,-0.003238795601545233,0.004095818887799338,8.268316463272794e-05,-5.0,5.0,2.272684706687432,5.0,5.0,3.1528362740207534,1.8960292598902548,1.738555994721973,0.01120652012194389,0.06055744369355465,5.0,-5.0,-0.20971061515518635,0.40689319597955215
1691147486.6522477,5.0,-5.0,-2.235715602560907,0.01120652012194389,0.06055744369355465,0.1847594543398334,-5.0,-5.0,-5.0,-0.013833108283827212,-0.003238795601545233,0.004095818887799338,8.268316463272794e-05,-5.0,5.0,2.272684706687432,5.0,5.0,3.1528362740207534,1.8960292598902548,1.738555994721973,0.01120652012194389,0.06055744369355465,5.0,-5.0,-0.20971061515518635,0.40689319597955215
1691147486.675493,5.0,-5.0,-2.235715602560907,0.01120652012194389,0.06055744369355465,0.1847594543398334,-5.0,-5.0,-5.0,-0.013833108283827212,-0.003238795601545233,0.004095818887799338,8.268316463272794e-05,-5.0,5.0,2.272684706687432,5.0,5.0,3.1528362740207534,1.8960292598902548,1.738555994721973,0.01120652012194389,0.06055744369355465,5.0,-5.0,-0.20971061515518635,0.40689319597955215
1691147486.6995575,5.0,-5.0,-2.235715602560907,0.01120652012194389,0.06055744369355465,0.1847594543398334,-5.0,-5.0,-5.0,-0.013833108283827212,-0.003238795601545233,0.004095818887799338,8.268316463272794e-05,-5.0,5.0,2.272684706687432,5.0,5.0,3.1528362740207534,1.8960292598902548,1.738555994721973,0.01120652012194389,0.06055744369355465,5.0,-5.0,-0.20971061515518635,0.40689319597955215
1691147486.7230268,5.0,-5.0,-2.235715602560907,0.01120652012194389,0.06055744369355465,0.1847594543398334,-5.0,-5.0,-5.0,-0.013833108283827212,-0.003238795601545233,0.004095818887799338,8.268316463272794e-05,-5.0,5.0,2.272684706687432,5.0,5.0,3.1528362740207534,1.8960292598902548,1.738555994721973,0.01120652012194389,0.06055744369355465,5.0,-5.0,-0.20971061515518635,0.40689319597955215
1691147486.7463005,5.0,-5.0,-2.235715602560907,0.01120652012194389,0.06055744369355465,0.1847594543398334,-5.0,-5.0,-5.0,-0.013833108283827212,-0.003238795601545233,0.004095818887799338,8.268316463272794e-05,-5.0,5.0,2.272684706687432,5.0,5.0,3.1528362740207534,1.8960292598902548,1.738555994721973,0.01120652012194389,0.06055744369355465,5.0,-5.0,-0.20971061515518635,0.40689319597955215
1691147486.7704995,5.0,-5.0,-2.235715602560907,0.01120652012194389,0.06055744369355465,0.1847594543398334,-5.0,-5.0,-5.0,-0.013833108283827212,-0.003238795601545233,0.004095818887799338,8.268316463272794e-05,-5.0,5.0,2.272684706687432,5.0,5.0,3.1528362740207534,1.8960292598902548,1.738555994721973,0.01120652012194389,0.06055744369355465,5.0,-5.0,-0.20971061515518635,0.40689319597955215
1691147486.7936106,5.0,-5.0,-2.235715602560907,0.01120652012194389,0.06055744369355465,0.1847594543398334,-5.0,-5.0,-5.0,-0.013833108283827212,-0.003238795601545233,0.004095818887799338,8.268316463272794e-05,-5.0,5.0,2.272684706687432,5.0,5.0,3.1528362740207534,1.8960292598902548,1.738555994721973,0.01120652012194389,0.06055744369355465,5.0,-5.0,-0.20971061515518635,0.40689319597955215
1691147486.81671,5.0,-5.0,-2.235715602560907,0.01120652012194389,0.06055744369355465,0.1847594543398334,-5.0,-5.0,-5.0,-0.013833108283827212,-0.003238795601545233,0.004095818887799338,8.268316463272794e-05,-5.0,5.0,2.272684706687432,5.0,5.0,3.1528362740207534,1.8960292598902548,1.738555994721973,0.01120652012194389,0.06055744369355465,5.0,-5.0,-0.20971061515518635,0.40689319597955215
1691147486.8393173,5.0,-5.0,-2.235715602560907,0.01120652012194389,0.06055744369355465,0.1847594543398334,-5.0,-5.0,-5.0,-0.013833108283827212,-0.003238795601545233,0.004095818887799338,8.268316463272794e-05,-5.0,5.0,2.272684706687432,5.0,5.0,3.1528362740207534,1.8960292598902548,1.738555994721973,0.01120652012194389,0.06055744369355465,5.0,-5.0,-0.20971061515518635,0.40689319597955215
1691147486.8622894,5.0,-5.0,-2.235715602560907,0.01120652012194389,0.06055744369355465,0.1847594543398334,-5.0,-5.0,-5.0,-0.013833108283827212,-0.003238795601545233,0.004095818887799338,8.268316463272794e-05,-5.0,5.0,2.272684706687432,5.0,5.0,3.1528362740207534,1.8960292598902548,1.738555994721973,0.01120652012194389,0.06055744369355465,5.0,-5.0,-0.20971061515518635,0.40689319597955215
1691147486.8849814,5.0,-5.0,-2.235715602560907,0.01120652012194389,0.06055744369355465,0.1847594543398334,-5.0,-5.0,-5.0,-0.013833108283827212,-0.003238795601545233,0.004095818887799338,8.268316463272794e-05,-5.0,5.0,2.272684706687432,5.0,5.0,3.1528362740207534,1.8960292598902548,1.738555994721973,0.01120652012194389,0.06055744369355465,5.0,-5.0,-0.20971061515518635,0.40689319597955215
1691147486.9078085,5.0,-5.0,-2.235715602560907,0.01120652012194389,0.06055744369355465,0.1847594543398334,-5.0,-5.0,-5.0,-0.013833108283827212,-0.003238795601545233,0.004095818887799338,8.268316463272794e-05,-5.0,5.0,2.272684706687432,5.0,5.0,3.1528362740207534,1.8960292598902548,1.738555994721973,0.01120652012194389,0.06055744369355465,5.0,-5.0,-0.20971061515518635,0.40689319597955215
1691147486.930559,5.0,-5.0,-2.235715602560907,0.01120652012194389,0.06055744369355465,0.1847594543398334,-5.0,-5.0,-5.0,-0.013833108283827212,-0.003238795601545233,0.004095818887799338,8.268316463272794e-05,-5.0,5.0,2.272684706687432,5.0,5.0,3.1528362740207534,1.8960292598902548,1.738555994721973,0.01120652012194389,0.06055744369355465,5.0,-5.0,-0.20971061515518635,0.40689319597955215
1691147486.9532008,5.0,-5.0,-2.235715602560907,0.01120652012194389,0.06055744369355465,0.1847594543398334,-5.0,-5.0,-5.0,-0.013833108283827212,-0.003238795601545233,0.004095818887799338,8.268316463272794e-05,-5.0,5.0,2.272684706687432,5.0,5.0,3.1528362740207534,1.8960292598902548,1.738555994721973,0.01120652012194389,0.06055744369355465,5.0,-5.0,-0.20971061515518635,0.40689319597955215
1691147486.9758725,5.0,-5.0,-2.235715602560907,0.01120652012194389,0.06055744369355465,0.1847594543398334,-5.0,-5.0,-5.0,-0.013833108283827212,-0.003238795601545233,0.004095818887799338,8.268316463272794e-05,-5.0,5.0,2.272684706687432,5.0,5.0,3.1528362740207534,1.8960292598902548,1.738555994721973,0.01120652012194389,0.06055744369355465,5.0,-5.0,-0.20971061515518635,0.40689319597955215
1691147486.9987202,5.0,-5.0,-2.235715602560907,0.01120652012194389,0.06055744369355465,0.1847594543398334,-5.0,-5.0,-5.0,-0.013833108283827212,-0.003238795601545233,0.004095818887799338,8.268316463272794e-05,-5.0,5.0,2.272684706687432,5.0,5.0,3.1528362740207534,1.8960292598902548,1.738555994721973,0.01120652012194389,0.06055744369355465,5.0,-5.0,-0.20971061515518635,0.40689319597955215
1691147487.0213544,5.0,-5.0,-2.235715602560907,0.01120652012194389,0.06055744369355465,0.1847594543398334,-5.0,-5.0,-5.0,-0.013833108283827212,-0.003238795601545233,0.004095818887799338,8.268316463272794e-05,-5.0,5.0,2.272684706687432,5.0,5.0,3.1528362740207534,1.8960292598902548,1.738555994721973,0.01120652012194389,0.06055744369355465,5.0,-5.0,-0.20971061515518635,0.40689319597955215
1691147487.0441606,5.0,-5.0,-2.235715602560907,0.01120652012194389,0.06055744369355465,0.1847594543398334,-5.0,-5.0,-5.0,-0.013833108283827212,-0.003238795601545233,0.004095818887799338,8.268316463272794e-05,-5.0,5.0,2.272684706687432,5.0,5.0,3.1528362740207534,1.8960292598902548,1.738555994721973,0.01120652012194389,0.06055744369355465,5.0,-5.0,-0.20971061515518635,0.40689319597955215
1691147487.0670626,5.0,-5.0,-2.235715602560907,0.01120652012194389,0.06055744369355465,0.1847594543398334,-5.0,-5.0,-5.0,-0.013833108283827212,-0.003238795601545233,0.004095818887799338,8.268316463272794e-05,-5.0,5.0,2.272684706687432,5.0,5.0,3.1528362740207534,1.8960292598902548,1.738555994721973,0.01120652012194389,0.06055744369355465,5.0,-5.0,-0.20971061515518635,0.40689319597955215
1691147487.0912316,5.0,-5.0,-2.235715602560907,0.01120652012194389,0.06055744369355465,0.1847594543398334,-5.0,-5.0,-5.0,-0.013833108283827212,-0.003238795601545233,0.004095818887799338,8.268316463272794e-05,-5.0,5.0,2.272684706687432,5.0,5.0,3.1528362740207534,1.8960292598902548,1.738555994721973,0.01120652012194389,0.06055744369355465,5.0,-5.0,-0.20971061515518635,0.40689319597955215
1691147487.1135375,5.0,-5.0,-2.235715602560907,0.01120652012194389,0.06055744369355465,0.1847594543398334,-5.0,-5.0,-5.0,-0.013833108283827212,-0.003238795601545233,0.004095818887799338,8.268316463272794e-05,-5.0,5.0,2.272684706687432,5.0,5.0,3.1528362740207534,1.8960292598902548,1.738555994721973,0.01120652012194389,0.06055744369355465,5.0,-5.0,-0.20971061515518635,0.40689319597955215
1691147487.1360095,5.0,-5.0,-2.235715602560907,0.01120652012194389,0.06055744369355465,0.1847594543398334,-5.0,-5.0,-5.0,-0.013833108283827212,-0.003238795601545233,0.004095818887799338,8.268316463272794e-05,-5.0,5.0,2.272684706687432,5.0,5.0,3.1528362740207534,1.8960292598902548,1.738555994721973,0.01120652012194389,0.06055744369355465,5.0,-5.0,-0.20971061515518635,0.40689319597955215
1691147487.1584659,5.0,-5.0,-2.235715602560907,0.01120652012194389,0.06055744369355465,0.1847594543398334,-5.0,-5.0,-5.0,-0.013833108283827212,-0.003238795601545233,0.004095818887799338,8.268316463272794e-05,-5.0,5.0,2.272684706687432,5.0,5.0,3.1528362740207534,1.8960292598902548,1.738555994721973,0.01120652012194389,0.06055744369355465,5.0,-5.0,-0.20971061515518635,0.40689319597955215
1691147487.1812515,5.0,-5.0,-2.235715602560907,0.01120652012194389,0.06055744369355465,0.1847594543398334,-5.0,-5.0,-5.0,-0.013833108283827212,-0.003238795601545233,0.004095818887799338,8.268316463272794e-05,-5.0,5.0,2.272684706687432,5.0,5.0,3.1528362740207534,1.8960292598902548,1.738555994721973,0.01120652012194389,0.06055744369355465,5.0,-5.0,-0.20971061515518635,0.40689319597955215
1691147487.2034278,5.0,-5.0,-2.235715602560907,0.01120652012194389,0.06055744369355465,0.1847594543398334,-5.0,-5.0,-5.0,-0.013833108283827212,-0.003238795601545233,0.004095818887799338,8.268316463272794e-05,-5.0,5.0,2.272684706687432,5.0,5.0,3.1528362740207534,1.8960292598902548,1.738555994721973,0.01120652012194389,0.06055744369355465,5.0,-5.0,-0.20971061515518635,0.40689319597955215
1691147487.2262125,5.0,-5.0,-2.235715602560907,0.01120652012194389,0.06055744369355465,0.1847594543398334,-5.0,-5.0,-5.0,-0.013833108283827212,-0.003238795601545233,0.004095818887799338,8.268316463272794e-05,-5.0,5.0,2.272684706687432,5.0,5.0,3.1528362740207534,1.8960292598902548,1.738555994721973,0.01120652012194389,0.06055744369355465,5.0,-5.0,-0.20971061515518635,0.40689319597955215
1691147487.248733,5.0,-5.0,-2.235715602560907,0.01120652012194389,0.06055744369355465,0.1847594543398334,-5.0,-5.0,-5.0,-0.013833108283827212,-0.003238795601545233,0.004095818887799338,8.268316463272794e-05,-5.0,5.0,2.272684706687432,5.0,5.0,3.1528362740207534,1.8960292598902548,1.738555994721973,0.01120652012194389,0.06055744369355465,5.0,-5.0,-0.20971061515518635,0.40689319597955215
1691147487.2712197,5.0,-5.0,-2.235715602560907,0.01120652012194389,0.06055744369355465,0.1847594543398334,-5.0,-5.0,-5.0,-0.013833108283827212,-0.003238795601545233,0.004095818887799338,8.268316463272794e-05,-5.0,5.0,2.272684706687432,5.0,5.0,3.1528362740207534,1.8960292598902548,1.738555994721973,0.01120652012194389,0.06055744369355465,5.0,-5.0,-0.20971061515518635,0.40689319597955215
1691147487.2936702,5.0,-5.0,-2.235715602560907,0.01120652012194389,0.06055744369355465,0.1847594543398334,-5.0,-5.0,-5.0,-0.013833108283827212,-0.003238795601545233,0.004095818887799338,8.268316463272794e-05,-5.0,5.0,2.272684706687432,5.0,5.0,3.1528362740207534,1.8960292598902548,1.738555994721973,0.01120652012194389,0.06055744369355465,5.0,-5.0,-0.20971061515518635,0.40689319597955215
1691147487.3166122,5.0,-5.0,-2.235715602560907,0.01120652012194389,0.06055744369355465,0.1847594543398334,-5.0,-5.0,-5.0,-0.013833108283827212,-0.003238795601545233,0.004095818887799338,8.268316463272794e-05,-5.0,5.0,2.272684706687432,5.0,5.0,3.1528362740207534,1.8960292598902548,1.738555994721973,0.01120652012194389,0.06055744369355465,5.0,-5.0,-0.20971061515518635,0.40689319597955215
1691147487.3394327,5.0,-5.0,-2.235715602560907,0.01120652012194389,0.06055744369355465,0.1847594543398334,-5.0,-5.0,-5.0,-0.013833108283827212,-0.003238795601545233,0.004095818887799338,8.268316463272794e-05,-5.0,5.0,2.272684706687432,5.0,5.0,3.1528362740207534,1.8960292598902548,1.738555994721973,0.01120652012194389,0.06055744369355465,5.0,-5.0,-0.20971061515518635,0.40689319597955215
1691147487.3626318,5.0,-5.0,-2.235715602560907,0.01120652012194389,0.06055744369355465,0.1847594543398334,-5.0,-5.0,-5.0,-0.013833108283827212,-0.003238795601545233,0.004095818887799338,8.268316463272794e-05,-5.0,5.0,2.272684706687432,5.0,5.0,3.1528362740207534,1.8960292598902548,1.738555994721973,0.01120652012194389,0.06055744369355465,5.0,-5.0,-0.20971061515518635,0.40689319597955215
1691147487.385542,5.0,-5.0,-2.235715602560907,0.01120652012194389,0.06055744369355465,0.1847594543398334,-5.0,-5.0,-5.0,-0.013833108283827212,-0.003238795601545233,0.004095818887799338,8.268316463272794e-05,-5.0,5.0,2.272684706687432,5.0,5.0,3.1528362740207534,1.8960292598902548,1.738555994721973,0.01120652012194389,0.06055744369355465,5.0,-5.0,-0.20971061515518635,0.40689319597955215
1691147487.4084783,5.0,-5.0,-2.235715602560907,0.01120652012194389,0.06055744369355465,0.1847594543398334,-5.0,-5.0,-5.0,-0.013833108283827212,-0.003238795601545233,0.004095818887799338,8.268316463272794e-05,-5.0,5.0,2.272684706687432,5.0,5.0,3.1528362740207534,1.8960292598902548,1.738555994721973,0.01120652012194389,0.06055744369355465,5.0,-5.0,-0.20971061515518635,0.40689319597955215
1691147487.4318554,5.0,-5.0,-2.235715602560907,0.01120652012194389,0.06055744369355465,0.1847594543398334,-5.0,-5.0,-5.0,-0.013833108283827212,-0.003238795601545233,0.004095818887799338,8.268316463272794e-05,-5.0,5.0,2.272684706687432,5.0,5.0,3.1528362740207534,1.8960292598902548,1.738555994721973,0.01120652012194389,0.06055744369355465,5.0,-5.0,-0.20971061515518635,0.40689319597955215
1691147487.4552703,5.0,-5.0,-2.235715602560907,0.01120652012194389,0.06055744369355465,0.1847594543398334,-5.0,-5.0,-5.0,-0.013833108283827212,-0.003238795601545233,0.004095818887799338,8.268316463272794e-05,-5.0,5.0,2.272684706687432,5.0,5.0,3.1528362740207534,1.8960292598902548,1.738555994721973,0.01120652012194389,0.06055744369355465,5.0,-5.0,-0.20971061515518635,0.40689319597955215
1691147487.4779634,5.0,-5.0,-2.235715602560907,0.01120652012194389,0.06055744369355465,0.1847594543398334,-5.0,-5.0,-5.0,-0.013833108283827212,-0.003238795601545233,0.004095818887799338,8.268316463272794e-05,-5.0,5.0,2.272684706687432,5.0,5.0,3.1528362740207534,1.8960292598902548,1.738555994721973,0.01120652012194389,0.06055744369355465,5.0,-5.0,-0.20971061515518635,0.40689319597955215
1691147487.5013654,5.0,-5.0,-2.235715602560907,0.01120652012194389,0.06055744369355465,0.1847594543398334,-5.0,-5.0,-5.0,-0.013833108283827212,-0.003238795601545233,0.004095818887799338,8.268316463272794e-05,-5.0,5.0,2.272684706687432,5.0,5.0,3.1528362740207534,1.8960292598902548,1.738555994721973,0.01120652012194389,0.06055744369355465,5.0,-5.0,-0.20971061515518635,0.40689319597955215
1691147487.5235906,5.0,-5.0,-2.235715602560907,0.01120652012194389,0.06055744369355465,0.1847594543398334,-5.0,-5.0,-5.0,-0.013833108283827212,-0.003238795601545233,0.004095818887799338,8.268316463272794e-05,-5.0,5.0,2.272684706687432,5.0,5.0,3.1528362740207534,1.8960292598902548,1.738555994721973,0.01120652012194389,0.06055744369355465,5.0,-5.0,-0.20971061515518635,0.40689319597955215
1691147487.5464358,5.0,-5.0,-2.235715602560907,0.01120652012194389,0.06055744369355465,0.1847594543398334,-5.0,-5.0,-5.0,-0.013833108283827212,-0.003238795601545233,0.004095818887799338,8.268316463272794e-05,-5.0,5.0,2.272684706687432,5.0,5.0,3.1528362740207534,1.8960292598902548,1.738555994721973,0.01120652012194389,0.06055744369355465,5.0,-5.0,-0.20971061515518635,0.40689319597955215
1691147487.5694985,5.0,-5.0,-2.235715602560907,0.01120652012194389,0.06055744369355465,0.1847594543398334,-5.0,-5.0,-5.0,-0.013833108283827212,-0.003238795601545233,0.004095818887799338,8.268316463272794e-05,-5.0,5.0,2.272684706687432,5.0,5.0,3.1528362740207534,1.8960292598902548,1.738555994721973,0.01120652012194389,0.06055744369355465,5.0,-5.0,-0.20971061515518635,0.40689319597955215
1691147487.5927918,5.0,-5.0,-2.235715602560907,0.01120652012194389,0.06055744369355465,0.1847594543398334,-5.0,-5.0,-5.0,-0.013833108283827212,-0.003238795601545233,0.004095818887799338,8.268316463272794e-05,-5.0,5.0,2.272684706687432,5.0,5.0,3.1528362740207534,1.8960292598902548,1.738555994721973,0.01120652012194389,0.06055744369355465,5.0,-5.0,-0.20971061515518635,0.40689319597955215
1691147487.6160686,5.0,-5.0,-2.235715602560907,0.01120652012194389,0.06055744369355465,0.1847594543398334,-5.0,-5.0,-5.0,-0.013833108283827212,-0.003238795601545233,0.004095818887799338,8.268316463272794e-05,-5.0,5.0,2.272684706687432,5.0,5.0,3.1528362740207534,1.8960292598902548,1.738555994721973,0.01120652012194389,0.06055744369355465,5.0,-5.0,-0.20971061515518635,0.40689319597955215
1691147487.6385164,5.0,-5.0,-2.235715602560907,0.01120652012194389,0.06055744369355465,0.1847594543398334,-5.0,-5.0,-5.0,-0.013833108283827212,-0.003238795601545233,0.004095818887799338,8.268316463272794e-05,-5.0,5.0,2.272684706687432,5.0,5.0,3.1528362740207534,1.8960292598902548,1.738555994721973,0.01120652012194389,0.06055744369355465,5.0,-5.0,-0.20971061515518635,0.40689319597955215
1691147487.6617694,5.0,-5.0,-2.235715602560907,0.01120652012194389,0.06055744369355465,0.1847594543398334,-5.0,-5.0,-5.0,-0.013833108283827212,-0.003238795601545233,0.004095818887799338,8.268316463272794e-05,-5.0,5.0,2.272684706687432,5.0,5.0,3.1528362740207534,1.8960292598902548,1.738555994721973,0.01120652012194389,0.06055744369355465,5.0,-5.0,-0.20971061515518635,0.40689319597955215
1691147487.685299,5.0,-5.0,-2.235715602560907,0.01120652012194389,0.06055744369355465,0.1847594543398334,-5.0,-5.0,-5.0,-0.013833108283827212,-0.003238795601545233,0.004095818887799338,8.268316463272794e-05,-5.0,5.0,2.272684706687432,5.0,5.0,3.1528362740207534,1.8960292598902548,1.738555994721973,0.01120652012194389,0.06055744369355465,5.0,-5.0,-0.20971061515518635,0.40689319597955215
1691147487.7086298,5.0,-5.0,-2.235715602560907,0.01120652012194389,0.06055744369355465,0.1847594543398334,-5.0,-5.0,-5.0,-0.013833108283827212,-0.003238795601545233,0.004095818887799338,8.268316463272794e-05,-5.0,5.0,2.272684706687432,5.0,5.0,3.1528362740207534,1.8960292598902548,1.738555994721973,0.01120652012194389,0.06055744369355465,5.0,-5.0,-0.20971061515518635,0.40689319597955215
1691147487.731761,5.0,-5.0,-2.235715602560907,0.01120652012194389,0.06055744369355465,0.1847594543398334,-5.0,-5.0,-5.0,-0.013833108283827212,-0.003238795601545233,0.004095818887799338,8.268316463272794e-05,-5.0,5.0,2.272684706687432,5.0,5.0,3.1528362740207534,1.8960292598902548,1.738555994721973,0.01120652012194389,0.06055744369355465,5.0,-5.0,-0.20971061515518635,0.40689319597955215
1691147487.7552466,5.0,-5.0,-2.235715602560907,0.01120652012194389,0.06055744369355465,0.1847594543398334,-5.0,-5.0,-5.0,-0.013833108283827212,-0.003238795601545233,0.004095818887799338,8.268316463272794e-05,-5.0,5.0,2.272684706687432,5.0,5.0,3.1528362740207534,1.8960292598902548,1.738555994721973,0.01120652012194389,0.06055744369355465,5.0,-5.0,-0.20971061515518635,0.40689319597955215
1691147487.7783601,5.0,-5.0,-2.235715602560907,0.01120652012194389,0.06055744369355465,0.1847594543398334,-5.0,-5.0,-5.0,-0.013833108283827212,-0.003238795601545233,0.004095818887799338,8.268316463272794e-05,-5.0,5.0,2.272684706687432,5.0,5.0,3.1528362740207534,1.8960292598902548,1.738555994721973,0.01120652012194389,0.06055744369355465,5.0,-5.0,-0.20971061515518635,0.40689319597955215
1691147487.8008573,5.0,-5.0,-2.235715602560907,0.01120652012194389,0.06055744369355465,0.1847594543398334,-5.0,-5.0,-5.0,-0.013833108283827212,-0.003238795601545233,0.004095818887799338,8.268316463272794e-05,-5.0,5.0,2.272684706687432,5.0,5.0,3.1528362740207534,1.8960292598902548,1.738555994721973,0.01120652012194389,0.06055744369355465,5.0,-5.0,-0.20971061515518635,0.40689319597955215
1691147487.823699,5.0,-5.0,-2.235715602560907,0.01120652012194389,0.06055744369355465,0.1847594543398334,-5.0,-5.0,-5.0,-0.013833108283827212,-0.003238795601545233,0.004095818887799338,8.268316463272794e-05,-5.0,5.0,2.272684706687432,5.0,5.0,3.1528362740207534,1.8960292598902548,1.738555994721973,0.01120652012194389,0.06055744369355465,5.0,-5.0,-0.20971061515518635,0.40689319597955215
1691147487.846567,5.0,-5.0,-2.235715602560907,0.01120652012194389,0.06055744369355465,0.1847594543398334,-5.0,-5.0,-5.0,-0.013833108283827212,-0.003238795601545233,0.004095818887799338,8.268316463272794e-05,-5.0,5.0,2.272684706687432,5.0,5.0,3.1528362740207534,1.8960292598902548,1.738555994721973,0.01120652012194389,0.06055744369355465,5.0,-5.0,-0.20971061515518635,0.40689319597955215
1691147487.8697636,5.0,-5.0,-2.235715602560907,0.01120652012194389,0.06055744369355465,0.1847594543398334,-5.0,-5.0,-5.0,-0.013833108283827212,-0.003238795601545233,0.004095818887799338,8.268316463272794e-05,-5.0,5.0,2.272684706687432,5.0,5.0,3.1528362740207534,1.8960292598902548,1.738555994721973,0.01120652012194389,0.06055744369355465,5.0,-5.0,-0.20971061515518635,0.40689319597955215
1691147487.8921092,5.0,-5.0,-2.235715602560907,0.01120652012194389,0.06055744369355465,0.1847594543398334,-5.0,-5.0,-5.0,-0.013833108283827212,-0.003238795601545233,0.004095818887799338,8.268316463272794e-05,-5.0,5.0,2.272684706687432,5.0,5.0,3.1528362740207534,1.8960292598902548,1.738555994721973,0.01120652012194389,0.06055744369355465,5.0,-5.0,-0.20971061515518635,0.40689319597955215
1691147487.9158711,5.0,-5.0,-2.235715602560907,0.01120652012194389,0.06055744369355465,0.1847594543398334,-5.0,-5.0,-5.0,-0.013833108283827212,-0.003238795601545233,0.004095818887799338,8.268316463272794e-05,-5.0,5.0,2.272684706687432,5.0,5.0,3.1528362740207534,1.8960292598902548,1.738555994721973,0.01120652012194389,0.06055744369355465,5.0,-5.0,-0.20971061515518635,0.40689319597955215
1691147487.9384494,5.0,-5.0,-2.235715602560907,0.01120652012194389,0.06055744369355465,0.1847594543398334,-5.0,-5.0,-5.0,-0.013833108283827212,-0.003238795601545233,0.004095818887799338,8.268316463272794e-05,-5.0,5.0,2.272684706687432,5.0,5.0,3.1528362740207534,1.8960292598902548,1.738555994721973,0.01120652012194389,0.06055744369355465,5.0,-5.0,-0.20971061515518635,0.40689319597955215
1691147487.961278,5.0,-5.0,-2.235715602560907,0.01120652012194389,0.06055744369355465,0.1847594543398334,-5.0,-5.0,-5.0,-0.013833108283827212,-0.003238795601545233,0.004095818887799338,8.268316463272794e-05,-5.0,5.0,2.272684706687432,5.0,5.0,3.1528362740207534,1.8960292598902548,1.738555994721973,0.01120652012194389,0.06055744369355465,5.0,-5.0,-0.20971061515518635,0.40689319597955215
1691147487.9837842,5.0,-5.0,-2.235715602560907,0.01120652012194389,0.06055744369355465,0.1847594543398334,-5.0,-5.0,-5.0,-0.013833108283827212,-0.003238795601545233,0.004095818887799338,8.268316463272794e-05,-5.0,5.0,2.272684706687432,5.0,5.0,3.1528362740207534,1.8960292598902548,1.738555994721973,0.01120652012194389,0.06055744369355465,5.0,-5.0,-0.20971061515518635,0.40689319597955215
1691147488.0065017,5.0,-5.0,-2.235715602560907,0.01120652012194389,0.06055744369355465,0.1847594543398334,-5.0,-5.0,-5.0,-0.013833108283827212,-0.003238795601545233,0.004095818887799338,8.268316463272794e-05,-5.0,5.0,2.272684706687432,5.0,5.0,3.1528362740207534,1.8960292598902548,1.738555994721973,0.01120652012194389,0.06055744369355465,5.0,-5.0,-0.20971061515518635,0.40689319597955215
1691147488.0294662,5.0,-5.0,-2.235715602560907,0.01120652012194389,0.06055744369355465,0.1847594543398334,-5.0,-5.0,-5.0,-0.013833108283827212,-0.003238795601545233,0.004095818887799338,8.268316463272794e-05,-5.0,5.0,2.272684706687432,5.0,5.0,3.1528362740207534,1.8960292598902548,1.738555994721973,0.01120652012194389,0.06055744369355465,5.0,-5.0,-0.20971061515518635,0.40689319597955215
1691147488.0525022,5.0,-5.0,-2.235715602560907,0.01120652012194389,0.06055744369355465,0.1847594543398334,-5.0,-5.0,-5.0,-0.013833108283827212,-0.003238795601545233,0.004095818887799338,8.268316463272794e-05,-5.0,5.0,2.272684706687432,5.0,5.0,3.1528362740207534,1.8960292598902548,1.738555994721973,0.01120652012194389,0.06055744369355465,5.0,-5.0,-0.20971061515518635,0.40689319597955215
1691147488.075263,5.0,-5.0,-2.235715602560907,0.01120652012194389,0.06055744369355465,0.1847594543398334,-5.0,-5.0,-5.0,-0.013833108283827212,-0.003238795601545233,0.004095818887799338,8.268316463272794e-05,-5.0,5.0,2.272684706687432,5.0,5.0,3.1528362740207534,1.8960292598902548,1.738555994721973,0.01120652012194389,0.06055744369355465,5.0,-5.0,-0.20971061515518635,0.40689319597955215
1691147488.0984166,5.0,-5.0,-2.235715602560907,0.01120652012194389,0.06055744369355465,0.1847594543398334,-5.0,-5.0,-5.0,-0.013833108283827212,-0.003238795601545233,0.004095818887799338,8.268316463272794e-05,-5.0,5.0,2.272684706687432,5.0,5.0,3.1528362740207534,1.8960292598902548,1.738555994721973,0.01120652012194389,0.06055744369355465,5.0,-5.0,-0.20971061515518635,0.40689319597955215
1691147488.1210792,5.0,-5.0,-2.235715602560907,0.01120652012194389,0.06055744369355465,0.1847594543398334,-5.0,-5.0,-5.0,-0.013833108283827212,-0.003238795601545233,0.004095818887799338,8.268316463272794e-05,-5.0,5.0,2.272684706687432,5.0,5.0,3.1528362740207534,1.8960292598902548,1.738555994721973,0.01120652012194389,0.06055744369355465,5.0,-5.0,-0.20971061515518635,0.40689319597955215
1691147488.1433554,5.0,-5.0,-2.235715602560907,0.01120652012194389,0.06055744369355465,0.1847594543398334,-5.0,-5.0,-5.0,-0.013833108283827212,-0.003238795601545233,0.004095818887799338,8.268316463272794e-05,-5.0,5.0,2.272684706687432,5.0,5.0,3.1528362740207534,1.8960292598902548,1.738555994721973,0.01120652012194389,0.06055744369355465,5.0,-5.0,-0.20971061515518635,0.40689319597955215
1691147488.1661103,5.0,-5.0,-2.235715602560907,0.01120652012194389,0.06055744369355465,0.1847594543398334,-5.0,-5.0,-5.0,-0.013833108283827212,-0.003238795601545233,0.004095818887799338,8.268316463272794e-05,-5.0,5.0,2.272684706687432,5.0,5.0,3.1528362740207534,1.8960292598902548,1.738555994721973,0.01120652012194389,0.06055744369355465,5.0,-5.0,-0.20971061515518635,0.40689319597955215
1691147488.188851,5.0,-5.0,-2.235715602560907,0.01120652012194389,0.06055744369355465,0.1847594543398334,-5.0,-5.0,-5.0,-0.013833108283827212,-0.003238795601545233,0.004095818887799338,8.268316463272794e-05,-5.0,5.0,2.272684706687432,5.0,5.0,3.1528362740207534,1.8960292598902548,1.738555994721973,0.01120652012194389,0.06055744369355465,5.0,-5.0,-0.20971061515518635,0.40689319597955215
1691147488.2116086,5.0,-5.0,-2.235715602560907,0.01120652012194389,0.06055744369355465,0.1847594543398334,-5.0,-5.0,-5.0,-0.013833108283827212,-0.003238795601545233,0.004095818887799338,8.268316463272794e-05,-5.0,5.0,2.272684706687432,5.0,5.0,3.1528362740207534,1.8960292598902548,1.738555994721973,0.01120652012194389,0.06055744369355465,5.0,-5.0,-0.20971061515518635,0.40689319597955215
1691147488.2340877,5.0,-5.0,-2.235715602560907,0.01120652012194389,0.06055744369355465,0.1847594543398334,-5.0,-5.0,-5.0,-0.013833108283827212,-0.003238795601545233,0.004095818887799338,8.268316463272794e-05,-5.0,5.0,2.272684706687432,5.0,5.0,3.1528362740207534,1.8960292598902548,1.738555994721973,0.01120652012194389,0.06055744369355465,5.0,-5.0,-0.20971061515518635,0.40689319597955215
1691147488.2566333,5.0,-5.0,-2.235715602560907,0.01120652012194389,0.06055744369355465,0.1847594543398334,-5.0,-5.0,-5.0,-0.013833108283827212,-0.003238795601545233,0.004095818887799338,8.268316463272794e-05,-5.0,5.0,2.272684706687432,5.0,5.0,3.1528362740207534,1.8960292598902548,1.738555994721973,0.01120652012194389,0.06055744369355465,5.0,-5.0,-0.20971061515518635,0.40689319597955215
1691147488.2795208,5.0,-5.0,-2.235715602560907,0.01120652012194389,0.06055744369355465,0.1847594543398334,-5.0,-5.0,-5.0,-0.013833108283827212,-0.003238795601545233,0.004095818887799338,8.268316463272794e-05,-5.0,5.0,2.272684706687432,5.0,5.0,3.1528362740207534,1.8960292598902548,1.738555994721973,0.01120652012194389,0.06055744369355465,5.0,-5.0,-0.20971061515518635,0.40689319597955215
1691147488.3019583,5.0,-5.0,-2.235715602560907,0.01120652012194389,0.06055744369355465,0.1847594543398334,-5.0,-5.0,-5.0,-0.013833108283827212,-0.003238795601545233,0.004095818887799338,8.268316463272794e-05,-5.0,5.0,2.272684706687432,5.0,5.0,3.1528362740207534,1.8960292598902548,1.738555994721973,0.01120652012194389,0.06055744369355465,5.0,-5.0,-0.20971061515518635,0.40689319597955215
1691147488.3242667,5.0,-5.0,-2.235715602560907,0.01120652012194389,0.06055744369355465,0.1847594543398334,-5.0,-5.0,-5.0,-0.013833108283827212,-0.003238795601545233,0.004095818887799338,8.268316463272794e-05,-5.0,5.0,2.272684706687432,5.0,5.0,3.1528362740207534,1.8960292598902548,1.738555994721973,0.01120652012194389,0.06055744369355465,5.0,-5.0,-0.20971061515518635,0.40689319597955215
1691147488.3473556,5.0,-5.0,-2.235715602560907,0.01120652012194389,0.06055744369355465,0.1847594543398334,-5.0,-5.0,-5.0,-0.013833108283827212,-0.003238795601545233,0.004095818887799338,8.268316463272794e-05,-5.0,5.0,2.272684706687432,5.0,5.0,3.1528362740207534,1.8960292598902548,1.738555994721973,0.01120652012194389,0.06055744369355465,5.0,-5.0,-0.20971061515518635,0.40689319597955215
1691147488.3711154,5.0,-5.0,-2.235715602560907,0.01120652012194389,0.06055744369355465,0.1847594543398334,-5.0,-5.0,-5.0,-0.013833108283827212,-0.003238795601545233,0.004095818887799338,8.268316463272794e-05,-5.0,5.0,2.272684706687432,5.0,5.0,3.1528362740207534,1.8960292598902548,1.738555994721973,0.01120652012194389,0.06055744369355465,5.0,-5.0,-0.20971061515518635,0.40689319597955215
1691147488.393846,5.0,-5.0,-2.235715602560907,0.01120652012194389,0.06055744369355465,0.1847594543398334,-5.0,-5.0,-5.0,-0.013833108283827212,-0.003238795601545233,0.004095818887799338,8.268316463272794e-05,-5.0,5.0,2.272684706687432,5.0,5.0,3.1528362740207534,1.8960292598902548,1.738555994721973,0.01120652012194389,0.06055744369355465,5.0,-5.0,-0.20971061515518635,0.40689319597955215
1691147488.4203596,5.0,-5.0,-2.235715602560907,0.01120652012194389,0.06055744369355465,0.1847594543398334,-5.0,-5.0,-5.0,-0.013833108283827212,-0.003238795601545233,0.004095818887799338,8.268316463272794e-05,-5.0,5.0,2.272684706687432,5.0,5.0,3.1528362740207534,1.8960292598902548,1.738555994721973,0.01120652012194389,0.06055744369355465,5.0,-5.0,-0.20971061515518635,0.40689319597955215
1691147488.444039,5.0,-5.0,-2.235715602560907,0.01120652012194389,0.06055744369355465,0.1847594543398334,-5.0,-5.0,-5.0,-0.013833108283827212,-0.003238795601545233,0.004095818887799338,8.268316463272794e-05,-5.0,5.0,2.272684706687432,5.0,5.0,3.1528362740207534,1.8960292598902548,1.738555994721973,0.01120652012194389,0.06055744369355465,5.0,-5.0,-0.20971061515518635,0.40689319597955215
1691147488.4680636,5.0,-5.0,-2.235715602560907,0.01120652012194389,0.06055744369355465,0.1847594543398334,-5.0,-5.0,-5.0,-0.013833108283827212,-0.003238795601545233,0.004095818887799338,8.268316463272794e-05,-5.0,5.0,2.272684706687432,5.0,5.0,3.1528362740207534,1.8960292598902548,1.738555994721973,0.01120652012194389,0.06055744369355465,5.0,-5.0,-0.20971061515518635,0.40689319597955215
1691147488.491178,5.0,-5.0,-2.235715602560907,0.01120652012194389,0.06055744369355465,0.1847594543398334,-5.0,-5.0,-5.0,-0.013833108283827212,-0.003238795601545233,0.004095818887799338,8.268316463272794e-05,-5.0,5.0,2.272684706687432,5.0,5.0,3.1528362740207534,1.8960292598902548,1.738555994721973,0.01120652012194389,0.06055744369355465,5.0,-5.0,-0.20971061515518635,0.40689319597955215
1691147488.514554,5.0,-5.0,-2.235715602560907,0.01120652012194389,0.06055744369355465,0.1847594543398334,-5.0,-5.0,-5.0,-0.013833108283827212,-0.003238795601545233,0.004095818887799338,8.268316463272794e-05,-5.0,5.0,2.272684706687432,5.0,5.0,3.1528362740207534,1.8960292598902548,1.738555994721973,0.01120652012194389,0.06055744369355465,5.0,-5.0,-0.20971061515518635,0.40689319597955215
1691147488.5383427,5.0,-5.0,-2.235715602560907,0.01120652012194389,0.06055744369355465,0.1847594543398334,-5.0,-5.0,-5.0,-0.013833108283827212,-0.003238795601545233,0.004095818887799338,8.268316463272794e-05,-5.0,5.0,2.272684706687432,5.0,5.0,3.1528362740207534,1.8960292598902548,1.738555994721973,0.01120652012194389,0.06055744369355465,5.0,-5.0,-0.20971061515518635,0.40689319597955215
1691147488.5614944,5.0,-5.0,-2.235715602560907,0.01120652012194389,0.06055744369355465,0.1847594543398334,-5.0,-5.0,-5.0,-0.013833108283827212,-0.003238795601545233,0.004095818887799338,8.268316463272794e-05,-5.0,5.0,2.272684706687432,5.0,5.0,3.1528362740207534,1.8960292598902548,1.738555994721973,0.01120652012194389,0.06055744369355465,5.0,-5.0,-0.20971061515518635,0.40689319597955215
1691147488.584484,5.0,-5.0,-2.235715602560907,0.01120652012194389,0.06055744369355465,0.1847594543398334,-5.0,-5.0,-5.0,-0.013833108283827212,-0.003238795601545233,0.004095818887799338,8.268316463272794e-05,-5.0,5.0,2.272684706687432,5.0,5.0,3.1528362740207534,1.8960292598902548,1.738555994721973,0.01120652012194389,0.06055744369355465,5.0,-5.0,-0.20971061515518635,0.40689319597955215
1691147488.6074567,5.0,-5.0,-2.235715602560907,0.01120652012194389,0.06055744369355465,0.1847594543398334,-5.0,-5.0,-5.0,-0.013833108283827212,-0.003238795601545233,0.004095818887799338,8.268316463272794e-05,-5.0,5.0,2.272684706687432,5.0,5.0,3.1528362740207534,1.8960292598902548,1.738555994721973,0.01120652012194389,0.06055744369355465,5.0,-5.0,-0.20971061515518635,0.40689319597955215
1691147488.6311967,5.0,-5.0,-2.235715602560907,0.01120652012194389,0.06055744369355465,0.1847594543398334,-5.0,-5.0,-5.0,-0.013833108283827212,-0.003238795601545233,0.004095818887799338,8.268316463272794e-05,-5.0,5.0,2.272684706687432,5.0,5.0,3.1528362740207534,1.8960292598902548,1.738555994721973,0.01120652012194389,0.06055744369355465,5.0,-5.0,-0.20971061515518635,0.40689319597955215
1691147488.6543515,5.0,-5.0,-2.235715602560907,0.01120652012194389,0.06055744369355465,0.1847594543398334,-5.0,-5.0,-5.0,-0.013833108283827212,-0.003238795601545233,0.004095818887799338,8.268316463272794e-05,-5.0,5.0,2.272684706687432,5.0,5.0,3.1528362740207534,1.8960292598902548,1.738555994721973,0.01120652012194389,0.06055744369355465,5.0,-5.0,-0.20971061515518635,0.40689319597955215
1691147488.6778796,5.0,-5.0,-2.235715602560907,0.01120652012194389,0.06055744369355465,0.1847594543398334,-5.0,-5.0,-5.0,-0.013833108283827212,-0.003238795601545233,0.004095818887799338,8.268316463272794e-05,-5.0,5.0,2.272684706687432,5.0,5.0,3.1528362740207534,1.8960292598902548,1.738555994721973,0.01120652012194389,0.06055744369355465,5.0,-5.0,-0.20971061515518635,0.40689319597955215
1691147488.7008874,5.0,-5.0,-2.235715602560907,0.01120652012194389,0.06055744369355465,0.1847594543398334,-5.0,-5.0,-5.0,-0.013833108283827212,-0.003238795601545233,0.004095818887799338,8.268316463272794e-05,-5.0,5.0,2.272684706687432,5.0,5.0,3.1528362740207534,1.8960292598902548,1.738555994721973,0.01120652012194389,0.06055744369355465,5.0,-5.0,-0.20971061515518635,0.40689319597955215
1691147488.7239592,5.0,-5.0,-2.235715602560907,0.01120652012194389,0.06055744369355465,0.1847594543398334,-5.0,-5.0,-5.0,-0.013833108283827212,-0.003238795601545233,0.004095818887799338,8.268316463272794e-05,-5.0,5.0,2.272684706687432,5.0,5.0,3.1528362740207534,1.8960292598902548,1.738555994721973,0.01120652012194389,0.06055744369355465,5.0,-5.0,-0.20971061515518635,0.40689319597955215
1691147488.7470753,5.0,-5.0,-2.235715602560907,0.01120652012194389,0.06055744369355465,0.1847594543398334,-5.0,-5.0,-5.0,-0.013833108283827212,-0.003238795601545233,0.004095818887799338,8.268316463272794e-05,-5.0,5.0,2.272684706687432,5.0,5.0,3.1528362740207534,1.8960292598902548,1.738555994721973,0.01120652012194389,0.06055744369355465,5.0,-5.0,-0.20971061515518635,0.40689319597955215
1691147488.770011,5.0,-5.0,-2.235715602560907,0.01120652012194389,0.06055744369355465,0.1847594543398334,-5.0,-5.0,-5.0,-0.013833108283827212,-0.003238795601545233,0.004095818887799338,8.268316463272794e-05,-5.0,5.0,2.272684706687432,5.0,5.0,3.1528362740207534,1.8960292598902548,1.738555994721973,0.01120652012194389,0.06055744369355465,5.0,-5.0,-0.20971061515518635,0.40689319597955215
1691147488.7932227,5.0,-5.0,-2.235715602560907,0.01120652012194389,0.06055744369355465,0.1847594543398334,-5.0,-5.0,-5.0,-0.013833108283827212,-0.003238795601545233,0.004095818887799338,8.268316463272794e-05,-5.0,5.0,2.272684706687432,5.0,5.0,3.1528362740207534,1.8960292598902548,1.738555994721973,0.01120652012194389,0.06055744369355465,5.0,-5.0,-0.20971061515518635,0.40689319597955215
1691147488.8156734,5.0,-5.0,-2.235715602560907,0.01120652012194389,0.06055744369355465,0.1847594543398334,-5.0,-5.0,-5.0,-0.013833108283827212,-0.003238795601545233,0.004095818887799338,8.268316463272794e-05,-5.0,5.0,2.272684706687432,5.0,5.0,3.1528362740207534,1.8960292598902548,1.738555994721973,0.01120652012194389,0.06055744369355465,5.0,-5.0,-0.20971061515518635,0.40689319597955215
1691147488.839058,5.0,-5.0,-2.235715602560907,0.01120652012194389,0.06055744369355465,0.1847594543398334,-5.0,-5.0,-5.0,-0.013833108283827212,-0.003238795601545233,0.004095818887799338,8.268316463272794e-05,-5.0,5.0,2.272684706687432,5.0,5.0,3.1528362740207534,1.8960292598902548,1.738555994721973,0.01120652012194389,0.06055744369355465,5.0,-5.0,-0.20971061515518635,0.40689319597955215
1691147488.8627517,5.0,-5.0,-2.235715602560907,0.01120652012194389,0.06055744369355465,0.1847594543398334,-5.0,-5.0,-5.0,-0.013833108283827212,-0.003238795601545233,0.004095818887799338,8.268316463272794e-05,-5.0,5.0,2.272684706687432,5.0,5.0,3.1528362740207534,1.8960292598902548,1.738555994721973,0.01120652012194389,0.06055744369355465,5.0,-5.0,-0.20971061515518635,0.40689319597955215
1691147488.8856976,5.0,-5.0,-2.235715602560907,0.01120652012194389,0.06055744369355465,0.1847594543398334,-5.0,-5.0,-5.0,-0.013833108283827212,-0.003238795601545233,0.004095818887799338,8.268316463272794e-05,-5.0,5.0,2.272684706687432,5.0,5.0,3.1528362740207534,1.8960292598902548,1.738555994721973,0.01120652012194389,0.06055744369355465,5.0,-5.0,-0.20971061515518635,0.40689319597955215
1691147488.9083831,5.0,-5.0,-2.235715602560907,0.01120652012194389,0.06055744369355465,0.1847594543398334,-5.0,-5.0,-5.0,-0.013833108283827212,-0.003238795601545233,0.004095818887799338,8.268316463272794e-05,-5.0,5.0,2.272684706687432,5.0,5.0,3.1528362740207534,1.8960292598902548,1.738555994721973,0.01120652012194389,0.06055744369355465,5.0,-5.0,-0.20971061515518635,0.40689319597955215
1691147488.931431,5.0,-5.0,-2.235715602560907,0.01120652012194389,0.06055744369355465,0.1847594543398334,-5.0,-5.0,-5.0,-0.013833108283827212,-0.003238795601545233,0.004095818887799338,8.268316463272794e-05,-5.0,5.0,2.272684706687432,5.0,5.0,3.1528362740207534,1.8960292598902548,1.738555994721973,0.01120652012194389,0.06055744369355465,5.0,-5.0,-0.20971061515518635,0.40689319597955215
1691147488.9549682,5.0,-5.0,-2.235715602560907,0.01120652012194389,0.06055744369355465,0.1847594543398334,-5.0,-5.0,-5.0,-0.013833108283827212,-0.003238795601545233,0.004095818887799338,8.268316463272794e-05,-5.0,5.0,2.272684706687432,5.0,5.0,3.1528362740207534,1.8960292598902548,1.738555994721973,0.01120652012194389,0.06055744369355465,5.0,-5.0,-0.20971061515518635,0.40689319597955215
1691147488.9785233,5.0,-5.0,-2.235715602560907,0.01120652012194389,0.06055744369355465,0.1847594543398334,-5.0,-5.0,-5.0,-0.013833108283827212,-0.003238795601545233,0.004095818887799338,8.268316463272794e-05,-5.0,5.0,2.272684706687432,5.0,5.0,3.1528362740207534,1.8960292598902548,1.738555994721973,0.01120652012194389,0.06055744369355465,5.0,-5.0,-0.20971061515518635,0.40689319597955215
1691147489.0013206,5.0,-5.0,-2.235715602560907,0.01120652012194389,0.06055744369355465,0.1847594543398334,-5.0,-5.0,-5.0,-0.013833108283827212,-0.003238795601545233,0.004095818887799338,8.268316463272794e-05,-5.0,5.0,2.272684706687432,5.0,5.0,3.1528362740207534,1.8960292598902548,1.738555994721973,0.01120652012194389,0.06055744369355465,5.0,-5.0,-0.20971061515518635,0.40689319597955215
1691147489.024215,5.0,-5.0,-2.235715602560907,0.01120652012194389,0.06055744369355465,0.1847594543398334,-5.0,-5.0,-5.0,-0.013833108283827212,-0.003238795601545233,0.004095818887799338,8.268316463272794e-05,-5.0,5.0,2.272684706687432,5.0,5.0,3.1528362740207534,1.8960292598902548,1.738555994721973,0.01120652012194389,0.06055744369355465,5.0,-5.0,-0.20971061515518635,0.40689319597955215
1691147489.0478437,5.0,-5.0,-2.235715602560907,0.01120652012194389,0.06055744369355465,0.1847594543398334,-5.0,-5.0,-5.0,-0.013833108283827212,-0.003238795601545233,0.004095818887799338,8.268316463272794e-05,-5.0,5.0,2.272684706687432,5.0,5.0,3.1528362740207534,1.8960292598902548,1.738555994721973,0.01120652012194389,0.06055744369355465,5.0,-5.0,-0.20971061515518635,0.40689319597955215
